customer_id,name,email,membership_age,revenue,preferred_film_language,preferred_film_category,city,preferred_film_year
1,SMITH MARY,MARY.SMITH@sakilacustomer.org,185.0,118.68,['English             '],"['Animation', 'Classics', 'Comedy', 'Documentary', 'Sports']",Sasebo,['00s']
2,JOHNSON PATRICIA,PATRICIA.JOHNSON@sakilacustomer.org,185.0,128.73,['English             '],"['Animation', 'Classics', 'Drama', 'Horror', 'Sports']",San Bernardino,['00s']
3,WILLIAMS LINDA,LINDA.WILLIAMS@sakilacustomer.org,185.0,135.74,['English             '],"['Animation', 'Comedy', 'Drama', 'Sci-Fi', 'Travel']",Athenai,['00s']
4,JONES BARBARA,BARBARA.JONES@sakilacustomer.org,185.0,81.78,['English             '],"['Comedy', 'Documentary', 'Foreign', 'Sci-Fi', 'Travel']",Myingyan,['00s']
5,BROWN ELIZABETH,ELIZABETH.BROWN@sakilacustomer.org,185.0,144.62,['English             '],"['Animation', 'Classics', 'Family', 'Games', 'Sports']",Nantou,['00s']
6,DAVIS JENNIFER,JENNIFER.DAVIS@sakilacustomer.org,185.0,93.72,['English             '],"['Animation', 'Children', 'Documentary', 'Drama', 'Sci-Fi']",Laredo,['00s']
7,MILLER MARIA,MARIA.MILLER@sakilacustomer.org,185.0,151.67,['English             '],"['Action', 'Animation', 'Family', 'Sports', 'Travel']",Kragujevac,['00s']
8,WILSON SUSAN,SUSAN.WILSON@sakilacustomer.org,185.0,92.76,['English             '],"['Classics', 'Documentary', 'Family', 'Sports', 'Travel']",Hamilton,['00s']
9,MOORE MARGARET,MARGARET.MOORE@sakilacustomer.org,185.0,89.77,['English             '],"['Classics', 'Comedy', 'Foreign', 'Sports', 'Travel']",Masqat,['00s']
10,TAYLOR DOROTHY,DOROTHY.TAYLOR@sakilacustomer.org,185.0,99.75,['English             '],"['Action', 'Children', 'Foreign', 'Horror', 'Sports']",Esfahan,['00s']
11,ANDERSON LISA,LISA.ANDERSON@sakilacustomer.org,185.0,106.76,['English             '],"['Action', 'Children', 'Drama', 'Horror', 'Music']",Sagamihara,['00s']
12,THOMAS NANCY,NANCY.THOMAS@sakilacustomer.org,185.0,103.72,['English             '],"['Classics', 'Comedy', 'Documentary', 'Drama', 'Travel']",Yamuna Nagar,['00s']
13,JACKSON KAREN,KAREN.JACKSON@sakilacustomer.org,185.0,131.73,['English             '],"['Classics', 'Documentary', 'Family', 'Foreign', 'Sports']",Osmaniye,['00s']
14,WHITE BETTY,BETTY.WHITE@sakilacustomer.org,185.0,117.72,['English             '],"['Action', 'Children', 'Documentary', 'Drama', 'Foreign']",Citrus Heights,['00s']
15,HARRIS HELEN,HELEN.HARRIS@sakilacustomer.org,185.0,134.68,['English             '],"['Children', 'Classics', 'Foreign', 'Games', 'Sports']",Bhopal,['00s']
16,MARTIN SANDRA,SANDRA.MARTIN@sakilacustomer.org,185.0,120.71,['English             '],"['Action', 'Animation', 'Children', 'Games', 'Sports']",Southend-on-Sea,['00s']
17,THOMPSON DONNA,DONNA.THOMPSON@sakilacustomer.org,185.0,98.79,['English             '],"['Children', 'Drama', 'Foreign', 'Games', 'Sci-Fi']",Elista,['00s']
18,GARCIA CAROL,CAROL.GARCIA@sakilacustomer.org,185.0,91.78,['English             '],"['Action', 'Classics', 'Music', 'Sports', 'Travel']",Kaduna,['00s']
19,MARTINEZ RUTH,RUTH.MARTINEZ@sakilacustomer.org,185.0,125.76,['English             '],"['Action', 'Games', 'Horror', 'Sports', 'Travel']",Kimberley,['00s']
20,ROBINSON SHARON,SHARON.ROBINSON@sakilacustomer.org,185.0,115.7,['English             '],"['Action', 'Children', 'Comedy', 'Family', 'Sports']",Mardan,['00s']
21,CLARK MICHELLE,MICHELLE.CLARK@sakilacustomer.org,185.0,155.65,['English             '],"['Action', 'Family', 'Foreign', 'Sci-Fi', 'Sports']",Tangail,['00s']
22,RODRIGUEZ LAURA,LAURA.RODRIGUEZ@sakilacustomer.org,185.0,113.78,['English             '],"['Action', 'Animation', 'Comedy', 'Foreign', 'Sports']",Sal,['00s']
23,LEWIS SARAH,SARAH.LEWIS@sakilacustomer.org,185.0,119.7,['English             '],"['Animation', 'Family', 'Horror', 'Sci-Fi', 'Sports']",Liepaja,['00s']
24,LEE KIMBERLY,KIMBERLY.LEE@sakilacustomer.org,185.0,95.75,['English             '],"['Animation', 'Children', 'Classics', 'Games', 'Travel']",Crdoba,['00s']
25,WALKER DEBORAH,DEBORAH.WALKER@sakilacustomer.org,185.0,115.71,['English             '],"['Classics', 'Drama', 'Foreign', 'Horror', 'Sci-Fi']",Shikarpur,['00s']
26,HALL JESSICA,JESSICA.HALL@sakilacustomer.org,185.0,152.66,['English             '],"['Action', 'Documentary', 'Drama', 'Foreign', 'Horror']",Citt del Vaticano,['00s']
27,ALLEN SHIRLEY,SHIRLEY.ALLEN@sakilacustomer.org,185.0,126.69,['English             '],"['Animation', 'Children', 'Classics', 'Foreign', 'Sports']",Davao,['00s']
28,YOUNG CYNTHIA,CYNTHIA.YOUNG@sakilacustomer.org,185.0,111.68,['English             '],"['Action', 'Documentary', 'Drama', 'Family', 'Sci-Fi']",Munger (Monghyr),['00s']
29,HERNANDEZ ANGELA,ANGELA.HERNANDEZ@sakilacustomer.org,185.0,140.64,['English             '],"['Animation', 'Children', 'Documentary', 'Family', 'Horror']",Shimonoseki,['00s']
30,KING MELISSA,MELISSA.KING@sakilacustomer.org,185.0,123.66,['English             '],"['Action', 'Children', 'Comedy', 'Documentary', 'Travel']",Lungtan,['00s']
31,WRIGHT BRENDA,BRENDA.WRIGHT@sakilacustomer.org,185.0,104.74,['English             '],"['Action', 'Classics', 'Documentary', 'Foreign', 'Games']",Kamarhati,['00s']
32,LOPEZ AMY,AMY.LOPEZ@sakilacustomer.org,185.0,127.71,['English             '],"['Action', 'Animation', 'Classics', 'Comedy', 'Games']",Jhansi,['00s']
33,HILL ANNA,ANNA.HILL@sakilacustomer.org,185.0,91.79,['English             '],"['Animation', 'Children', 'Classics', 'Comedy', 'Sports']",Alessandria,['00s']
34,SCOTT REBECCA,REBECCA.SCOTT@sakilacustomer.org,185.0,89.76,['English             '],"['Comedy', 'Drama', 'Games', 'Horror', 'Travel']",Kurashiki,['00s']
35,GREEN VIRGINIA,VIRGINIA.GREEN@sakilacustomer.org,185.0,129.68,['English             '],"['Comedy', 'Drama', 'Foreign', 'Sci-Fi', 'Sports']",Toulouse,['00s']
36,ADAMS KATHLEEN,KATHLEEN.ADAMS@sakilacustomer.org,185.0,92.73,['English             '],"['Animation', 'Children', 'Classics', 'Comedy', 'Music']",Arak,['00s']
37,BAKER PAMELA,PAMELA.BAKER@sakilacustomer.org,185.0,95.77,['English             '],"['Classics', 'Comedy', 'Family', 'Horror', 'Music']",Nanyang,['00s']
38,GONZALEZ MARTHA,MARTHA.GONZALEZ@sakilacustomer.org,185.0,127.66,['English             '],"['Animation', 'Children', 'Classics', 'Foreign', 'Games']",Chisinau,['00s']
39,NELSON DEBRA,DEBRA.NELSON@sakilacustomer.org,185.0,141.71,['English             '],"['Animation', 'Drama', 'Family', 'Horror', 'Travel']",Vila Velha,['00s']
40,CARTER AMANDA,AMANDA.CARTER@sakilacustomer.org,185.0,110.73,['English             '],"['Action', 'Children', 'Comedy', 'Drama', 'Horror']",Nador,['00s']
41,MITCHELL STEPHANIE,STEPHANIE.MITCHELL@sakilacustomer.org,185.0,118.75,['English             '],"['Animation', 'Drama', 'Foreign', 'Horror', 'Sci-Fi']",Yerevan,['00s']
42,PEREZ CAROLYN,CAROLYN.PEREZ@sakilacustomer.org,185.0,117.7,['English             '],"['Action', 'Documentary', 'Drama', 'Sci-Fi', 'Travel']",Pak Kret,['00s']
43,ROBERTS CHRISTINE,CHRISTINE.ROBERTS@sakilacustomer.org,185.0,99.76,['English             '],"['Action', 'Classics', 'Drama', 'Family', 'Foreign']",Faaa,['00s']
44,TURNER MARIE,MARIE.TURNER@sakilacustomer.org,185.0,114.74,['English             '],"['Animation', 'Comedy', 'Horror', 'Music', 'Travel']",Lipetsk,['00s']
45,PHILLIPS JANET,JANET.PHILLIPS@sakilacustomer.org,185.0,127.73,['English             '],"['Classics', 'Drama', 'Games', 'Horror', 'Sci-Fi']",Antofagasta,['00s']
46,CAMPBELL CATHERINE,CATHERINE.CAMPBELL@sakilacustomer.org,185.0,142.66,['English             '],"['Animation', 'Classics', 'Games', 'Horror', 'Travel']",Moscow,['00s']
47,PARKER FRANCES,FRANCES.PARKER@sakilacustomer.org,185.0,108.78,['English             '],"['Animation', 'Children', 'Comedy', 'Documentary', 'Drama']",Juazeiro do Norte,['00s']
48,EVANS ANN,ANN.EVANS@sakilacustomer.org,185.0,76.83,['English             '],"['Animation', 'Children', 'Drama', 'Foreign', 'Music']",Niznekamsk,['00s']
49,EDWARDS JOYCE,JOYCE.EDWARDS@sakilacustomer.org,185.0,130.72,['English             '],"['Animation', 'Children', 'Drama', 'Family', 'Games']",Jedda,['00s']
50,COLLINS DIANE,DIANE.COLLINS@sakilacustomer.org,185.0,169.65,['English             '],"['Children', 'Documentary', 'Foreign', 'Horror', 'Music']",Omdurman,['00s']
51,STEWART ALICE,ALICE.STEWART@sakilacustomer.org,185.0,138.67,['English             '],"['Animation', 'Comedy', 'Documentary', 'Drama', 'Games']",Fontana,['00s']
52,SANCHEZ JULIE,JULIE.SANCHEZ@sakilacustomer.org,185.0,107.71,['English             '],"['Action', 'Children', 'Classics', 'Comedy', 'Documentary']",A Corua (La Corua),['00s']
53,MORRIS HEATHER,HEATHER.MORRIS@sakilacustomer.org,185.0,115.7,['English             '],"['Action', 'Animation', 'Classics', 'Documentary', 'Sports']",Nagareyama,['00s']
54,ROGERS TERESA,TERESA.ROGERS@sakilacustomer.org,185.0,128.71,['English             '],"['Animation', 'Classics', 'Comedy', 'Family', 'Games']",Iwakuni,['00s']
55,REED DORIS,DORIS.REED@sakilacustomer.org,185.0,100.78,['English             '],"['Documentary', 'Family', 'Foreign', 'Horror', 'Sports']",Balaiha,['00s']
56,COOK GLORIA,GLORIA.COOK@sakilacustomer.org,185.0,135.7,['English             '],"['Action', 'Classics', 'Comedy', 'Drama', 'Horror']",Papeete,['00s']
57,MORGAN EVELYN,EVELYN.MORGAN@sakilacustomer.org,185.0,114.72,['English             '],"['Classics', 'Drama', 'Foreign', 'Horror', 'Sci-Fi']",Vaduz,['00s']
58,BELL JEAN,JEAN.BELL@sakilacustomer.org,185.0,115.73,['English             '],"['Action', 'Comedy', 'Drama', 'Foreign', 'Games']",Kuching,['00s']
59,MURPHY CHERYL,CHERYL.MURPHY@sakilacustomer.org,185.0,133.73,['English             '],"['Comedy', 'Documentary', 'Family', 'Sports', 'Travel']",Mysore,['00s']
60,BAILEY MILDRED,MILDRED.BAILEY@sakilacustomer.org,185.0,98.75,['English             '],"['Children', 'Drama', 'Foreign', 'Music', 'Sports']",Jaipur,['00s']
61,RIVERA KATHERINE,KATHERINE.RIVERA@sakilacustomer.org,185.0,58.86,['English             '],"['Classics', 'Documentary', 'Music', 'Sci-Fi', 'Sports']",Basel,['00s']
62,COOPER JOAN,JOAN.COOPER@sakilacustomer.org,185.0,84.77,['English             '],"['Animation', 'Documentary', 'Horror', 'Music', 'Sci-Fi']",Saint Louis,['00s']
63,RICHARDSON ASHLEY,ASHLEY.RICHARDSON@sakilacustomer.org,185.0,112.75,['English             '],"['Action', 'Children', 'Comedy', 'Documentary', 'Family']",Lincoln,['00s']
64,COX JUDITH,JUDITH.COX@sakilacustomer.org,185.0,100.67,['English             '],"['Action', 'Animation', 'Comedy', 'Documentary', 'Music']",Daxian,['00s']
65,HOWARD ROSE,ROSE.HOWARD@sakilacustomer.org,185.0,103.78,['English             '],"['Animation', 'Comedy', 'Documentary', 'Drama', 'Foreign']",Cayenne,['00s']
66,WARD JANICE,JANICE.WARD@sakilacustomer.org,185.0,144.66,['English             '],"['Action', 'Classics', 'Drama', 'Games', 'Horror']",Malm,['00s']
67,TORRES KELLY,KELLY.TORRES@sakilacustomer.org,185.0,99.78,['English             '],"['Action', 'Comedy', 'Drama', 'Family', 'Horror']",Xiangtan,['00s']
68,PETERSON NICOLE,NICOLE.PETERSON@sakilacustomer.org,185.0,94.78,['English             '],"['Children', 'Classics', 'Family', 'Games', 'Horror']",Shivapuri,['00s']
69,GRAY JUDY,JUDY.GRAY@sakilacustomer.org,185.0,96.75,['English             '],"['Family', 'Games', 'Horror', 'Music', 'Sci-Fi']",Bchar,['00s']
70,RAMIREZ CHRISTINA,CHRISTINA.RAMIREZ@sakilacustomer.org,185.0,80.82,['English             '],"['Action', 'Animation', 'Family', 'Horror', 'Sports']",al-Hawiya,['00s']
71,JAMES KATHY,KATHY.JAMES@sakilacustomer.org,185.0,129.7,['English             '],"['Animation', 'Drama', 'Foreign', 'Music', 'Sports']",Baybay,['00s']
72,WATSON THERESA,THERESA.WATSON@sakilacustomer.org,185.0,99.7,['English             '],"['Animation', 'Drama', 'Music', 'Sports', 'Travel']",Taguig,['00s']
73,BROOKS BEVERLY,BEVERLY.BROOKS@sakilacustomer.org,185.0,97.76,['English             '],"['Children', 'Documentary', 'Foreign', 'Games', 'Horror']",Chiayi,['00s']
74,KELLY DENISE,DENISE.KELLY@sakilacustomer.org,185.0,103.73,['English             '],"['Animation', 'Children', 'Classics', 'Sci-Fi', 'Sports']",Rio Claro,['00s']
75,SANDERS TAMMY,TAMMY.SANDERS@sakilacustomer.org,185.0,155.59,['English             '],"['Children', 'Classics', 'Drama', 'Foreign', 'Games']",Changhwa,['00s']
76,PRICE IRENE,IRENE.PRICE@sakilacustomer.org,185.0,77.77,['English             '],"['Action', 'Animation', 'Children', 'Documentary', 'Games']",Pavlodar,['00s']
77,BENNETT JANE,JANE.BENNETT@sakilacustomer.org,185.0,100.72,['English             '],"['Classics', 'Documentary', 'Games', 'Horror', 'Sports']",Araatuba,['00s']
78,WOOD LORI,LORI.WOOD@sakilacustomer.org,185.0,141.69,['English             '],"['Animation', 'Drama', 'Games', 'Sci-Fi', 'Sports']",Rae Bareli,['00s']
79,BARNES RACHEL,RACHEL.BARNES@sakilacustomer.org,185.0,84.78,['English             '],"['Documentary', 'Family', 'Foreign', 'Sci-Fi', 'Travel']",Kamakura,['00s']
80,ROSS MARILYN,MARILYN.ROSS@sakilacustomer.org,185.0,137.7,['English             '],"['Action', 'Animation', 'Classics', 'Family', 'Games']",Ife,['00s']
81,HENDERSON ANDREA,ANDREA.HENDERSON@sakilacustomer.org,185.0,93.78,['English             '],"['Family', 'Games', 'Horror', 'Sports', 'Travel']",Mahajanga,['00s']
82,COLEMAN KATHRYN,KATHRYN.COLEMAN@sakilacustomer.org,185.0,130.74,['English             '],"['Action', 'Animation', 'Drama', 'Sci-Fi', 'Travel']",Simferopol,['00s']
83,JENKINS LOUISE,LOUISE.JENKINS@sakilacustomer.org,185.0,101.75,['English             '],"['Action', 'Animation', 'Classics', 'Family', 'Sci-Fi']",Springs,['00s']
84,PERRY SARA,SARA.PERRY@sakilacustomer.org,185.0,141.67,['English             '],"['Animation', 'Documentary', 'Foreign', 'Games', 'Sports']",Atlixco,['00s']
85,POWELL ANNE,ANNE.POWELL@sakilacustomer.org,185.0,87.77,['English             '],"['Action', 'Classics', 'Comedy', 'Drama', 'Sci-Fi']",Bradford,['00s']
86,LONG JACQUELINE,JACQUELINE.LONG@sakilacustomer.org,185.0,148.67,['English             '],"['Animation', 'Documentary', 'Foreign', 'Sports', 'Travel']",Songkhla,['00s']
87,PATTERSON WANDA,WANDA.PATTERSON@sakilacustomer.org,185.0,145.7,['English             '],"['Children', 'Classics', 'Drama', 'Sci-Fi', 'Sports']",Sincelejo,['00s']
88,HUGHES BONNIE,BONNIE.HUGHES@sakilacustomer.org,185.0,87.79,['English             '],"['Animation', 'Family', 'Games', 'Music', 'Travel']",Cheju,['00s']
89,FLORES JULIA,JULIA.FLORES@sakilacustomer.org,185.0,134.68,['English             '],"['Action', 'Comedy', 'Documentary', 'Drama', 'Sports']",La Plata,['00s']
90,WASHINGTON RUBY,RUBY.WASHINGTON@sakilacustomer.org,185.0,110.72,['English             '],"['Animation', 'Documentary', 'Horror', 'Music', 'Sci-Fi']",Meixian,['00s']
91,BUTLER LOIS,LOIS.BUTLER@sakilacustomer.org,185.0,113.65,['English             '],"['Action', 'Children', 'Comedy', 'Documentary', 'Sports']",Bandar Seri Begawan,['00s']
92,SIMMONS TINA,TINA.SIMMONS@sakilacustomer.org,185.0,133.72,['English             '],"['Action', 'Comedy', 'Documentary', 'Family', 'Travel']",Goinia,['00s']
93,FOSTER PHYLLIS,PHYLLIS.FOSTER@sakilacustomer.org,185.0,91.77,['English             '],"['Classics', 'Foreign', 'Horror', 'Music', 'Sports']",Zalantun,['00s']
94,GONZALES NORMA,NORMA.GONZALES@sakilacustomer.org,185.0,79.79,['English             '],"['Action', 'Animation', 'Documentary', 'Games', 'Sci-Fi']",Bislig,['00s']
95,BRYANT PAULA,PAULA.BRYANT@sakilacustomer.org,185.0,77.82,['English             '],"['Classics', 'Comedy', 'Documentary', 'Drama', 'Foreign']",Pathankot,['00s']
96,ALEXANDER DIANA,DIANA.ALEXANDER@sakilacustomer.org,185.0,105.73,['English             '],"['Action', 'Classics', 'Documentary', 'Foreign', 'Games']",Augusta-Richmond County,['00s']
97,RUSSELL ANNIE,ANNIE.RUSSELL@sakilacustomer.org,185.0,58.82,['English             '],"['Action', 'Animation', 'Family', 'Foreign', 'Music']",Tete,['00s']
98,GRIFFIN LILLIAN,LILLIAN.GRIFFIN@sakilacustomer.org,185.0,106.75,['English             '],"['Action', 'Documentary', 'Horror', 'Music', 'Sports']",al-Ayn,['00s']
99,DIAZ EMILY,EMILY.DIAZ@sakilacustomer.org,185.0,91.76,['English             '],"['Animation', 'Family', 'Games', 'Sci-Fi', 'Sports']",Kimchon,['00s']
100,HAYES ROBIN,ROBIN.HAYES@sakilacustomer.org,185.0,102.76,['English             '],"['Action', 'Animation', 'Classics', 'Comedy', 'Drama']",Jelets,['00s']
101,MYERS PEGGY,PEGGY.MYERS@sakilacustomer.org,185.0,96.76,['English             '],"['Animation', 'Horror', 'Sci-Fi', 'Sports', 'Travel']",Abha,['00s']
102,FORD CRYSTAL,CRYSTAL.FORD@sakilacustomer.org,185.0,137.67,['English             '],"['Classics', 'Drama', 'Games', 'Sci-Fi', 'Sports']",Ashdod,['00s']
103,HAMILTON GLADYS,GLADYS.HAMILTON@sakilacustomer.org,185.0,146.69,['English             '],"['Action', 'Animation', 'Drama', 'Sports', 'Travel']",Ilorin,['00s']
104,GRAHAM RITA,RITA.GRAHAM@sakilacustomer.org,185.0,92.76,['English             '],"['Documentary', 'Drama', 'Family', 'Foreign', 'Sports']",Toulon,['00s']
105,SULLIVAN DAWN,DAWN.SULLIVAN@sakilacustomer.org,185.0,120.74,['English             '],"['Children', 'Horror', 'Music', 'Sci-Fi', 'Sports']",Funafuti,['00s']
106,WALLACE CONNIE,CONNIE.WALLACE@sakilacustomer.org,185.0,100.77,['English             '],"['Classics', 'Drama', 'Games', 'Horror', 'Travel']",Ivanovo,['00s']
107,WOODS FLORENCE,FLORENCE.WOODS@sakilacustomer.org,185.0,126.7,['English             '],"['Documentary', 'Games', 'Horror', 'Sci-Fi', 'Sports']",Merlo,['00s']
108,COLE TRACY,TRACY.COLE@sakilacustomer.org,185.0,132.7,['English             '],"['Animation', 'Comedy', 'Documentary', 'Family', 'Sci-Fi']",Huixquilucan,['00s']
109,WEST EDNA,EDNA.WEST@sakilacustomer.org,185.0,107.74,['English             '],"['Classics', 'Drama', 'Games', 'Sci-Fi', 'Sports']",Klerksdorp,['00s']
110,JORDAN TIFFANY,TIFFANY.JORDAN@sakilacustomer.org,185.0,59.86,['English             '],"['Action', 'Animation', 'Documentary', 'Foreign', 'Horror']",Enshi,['00s']
111,OWENS CARMEN,CARMEN.OWENS@sakilacustomer.org,185.0,97.74,['English             '],"['Animation', 'Drama', 'Foreign', 'Games', 'Travel']",Caracas,['00s']
112,REYNOLDS ROSA,ROSA.REYNOLDS@sakilacustomer.org,185.0,133.7,['English             '],"['Animation', 'Classics', 'Documentary', 'Family', 'Games']",Lancaster,['00s']
113,FISHER CINDY,CINDY.FISHER@sakilacustomer.org,185.0,113.71,['English             '],"['Action', 'Documentary', 'Foreign', 'Games', 'Sci-Fi']",Cuman,['00s']
114,ELLIS GRACE,GRACE.ELLIS@sakilacustomer.org,185.0,139.67,['English             '],"['Classics', 'Drama', 'Family', 'Foreign', 'Sports']",Duisburg,['00s']
115,HARRISON WENDY,WENDY.HARRISON@sakilacustomer.org,185.0,91.7,['English             '],"['Action', 'Children', 'Classics', 'Foreign', 'Music']",Nezahualcyotl,['00s']
116,GIBSON VICTORIA,VICTORIA.GIBSON@sakilacustomer.org,185.0,111.73,['English             '],"['Animation', 'Classics', 'Family', 'Foreign', 'Games']",Pemalang,['00s']
117,MCDONALD EDITH,EDITH.MCDONALD@sakilacustomer.org,185.0,71.81,['English             '],"['Children', 'Drama', 'Foreign', 'Sci-Fi', 'Sports']",Gandhinagar,['00s']
118,CRUZ KIM,KIM.CRUZ@sakilacustomer.org,185.0,82.79,['English             '],"['Classics', 'Comedy', 'Foreign', 'Horror', 'Sports']",Grand Prairie,['00s']
119,MARSHALL SHERRY,SHERRY.MARSHALL@sakilacustomer.org,185.0,153.66,['English             '],"['Action', 'Drama', 'Family', 'Sci-Fi', 'Sports']",Shubra al-Khayma,['00s']
120,ORTIZ SYLVIA,SYLVIA.ORTIZ@sakilacustomer.org,185.0,143.68,['English             '],"['Documentary', 'Drama', 'Games', 'Music', 'Sports']",Dos Quebradas,['00s']
121,GOMEZ JOSEPHINE,JOSEPHINE.GOMEZ@sakilacustomer.org,185.0,109.74,['English             '],"['Action', 'Children', 'Comedy', 'Drama', 'Sports']",Etawah,['00s']
122,MURRAY THELMA,THELMA.MURRAY@sakilacustomer.org,185.0,126.68,['English             '],"['Classics', 'Documentary', 'Family', 'Sports', 'Travel']",Lima,['00s']
123,FREEMAN SHANNON,SHANNON.FREEMAN@sakilacustomer.org,185.0,100.76,['English             '],"['Action', 'Children', 'Drama', 'Family', 'Sports']",Varanasi (Benares),['00s']
124,WELLS SHEILA,SHEILA.WELLS@sakilacustomer.org,185.0,73.82,['English             '],"['Action', 'Children', 'Classics', 'Documentary', 'Drama']",Ktahya,['00s']
125,WEBB ETHEL,ETHEL.WEBB@sakilacustomer.org,185.0,135.68,['English             '],"['Action', 'Animation', 'Drama', 'Horror', 'Sports']",Boksburg,['00s']
126,SIMPSON ELLEN,ELLEN.SIMPSON@sakilacustomer.org,185.0,117.72,['English             '],"['Classics', 'Drama', 'Family', 'Foreign', 'Games']",Po,['00s']
127,STEVENS ELAINE,ELAINE.STEVENS@sakilacustomer.org,185.0,107.76,['English             '],"['Animation', 'Children', 'Classics', 'Family', 'Games']",Smolensk,['00s']
128,TUCKER MARJORIE,MARJORIE.TUCKER@sakilacustomer.org,185.0,127.68,['English             '],"['Animation', 'Comedy', 'Music', 'Sci-Fi', 'Sports']",Jastrzebie-Zdrj,['00s']
129,PORTER CARRIE,CARRIE.PORTER@sakilacustomer.org,185.0,124.66,['English             '],"['Children', 'Classics', 'Comedy', 'Games', 'Horror']",Liaocheng,['00s']
130,HUNTER CHARLOTTE,CHARLOTTE.HUNTER@sakilacustomer.org,185.0,93.76,['English             '],"['Classics', 'Family', 'Foreign', 'Games', 'Sci-Fi']",guas Lindas de Gois,['00s']
131,HICKS MONICA,MONICA.HICKS@sakilacustomer.org,185.0,128.7,['English             '],"['Animation', 'Comedy', 'Drama', 'Music', 'Sports']",Mukateve,['00s']
132,CRAWFORD ESTHER,ESTHER.CRAWFORD@sakilacustomer.org,185.0,95.72,['English             '],"['Animation', 'Classics', 'Foreign', 'Music', 'Sports']",Botshabelo,['00s']
133,HENRY PAULINE,PAULINE.HENRY@sakilacustomer.org,185.0,98.73,['English             '],"['Action', 'Documentary', 'Drama', 'Sci-Fi', 'Sports']",Torren,['00s']
134,BOYD EMMA,EMMA.BOYD@sakilacustomer.org,185.0,94.77,['English             '],"['Animation', 'Comedy', 'Documentary', 'Sports', 'Travel']",Qalyub,['00s']
135,MASON JUANITA,JUANITA.MASON@sakilacustomer.org,185.0,110.7,['English             '],"['Animation', 'Children', 'Games', 'Sci-Fi', 'Sports']",Pune,['00s']
136,MORALES ANITA,ANITA.MORALES@sakilacustomer.org,185.0,62.85,['English             '],"['Children', 'Classics', 'Documentary', 'Drama', 'Music']",Hubli-Dharwad,['00s']
137,KENNEDY RHONDA,RHONDA.KENNEDY@sakilacustomer.org,185.0,194.61,['English             '],"['Animation', 'Comedy', 'Horror', 'Sports', 'Travel']",Apeldoorn,['00s']
138,WARREN HAZEL,HAZEL.WARREN@sakilacustomer.org,185.0,110.66,['English             '],"['Action', 'Children', 'Drama', 'Games', 'Sports']",Hohhot,['00s']
139,DIXON AMBER,AMBER.DIXON@sakilacustomer.org,185.0,113.73,['English             '],"['Action', 'Animation', 'Drama', 'Foreign', 'Horror']",Touliu,['00s']
140,RAMOS EVA,EVA.RAMOS@sakilacustomer.org,185.0,83.82,['English             '],"['Family', 'Foreign', 'Games', 'Sci-Fi', 'Sports']",Clarksville,['00s']
141,REYES DEBBIE,DEBBIE.REYES@sakilacustomer.org,185.0,130.68,['English             '],"['Children', 'Comedy', 'Documentary', 'Games', 'Sci-Fi']",Fukuyama,['00s']
142,BURNS APRIL,APRIL.BURNS@sakilacustomer.org,185.0,94.74,['English             '],"['Action', 'Classics', 'Documentary', 'Foreign', 'Sports']",Dundee,['00s']
143,GORDON LESLIE,LESLIE.GORDON@sakilacustomer.org,185.0,89.78,['English             '],"['Action', 'Animation', 'Children', 'Documentary', 'Sci-Fi']",Kilis,['00s']
144,SHAW CLARA,CLARA.SHAW@sakilacustomer.org,185.0,195.58,['English             '],"['Classics', 'Comedy', 'Documentary', 'Drama', 'Family']",Molodetno,['00s']
145,HOLMES LUCILLE,LUCILLE.HOLMES@sakilacustomer.org,185.0,108.72,['English             '],"['Animation', 'Drama', 'Foreign', 'Sci-Fi', 'Travel']",Soshanguve,['00s']
146,RICE JAMIE,JAMIE.RICE@sakilacustomer.org,185.0,139.71,['English             '],"['Action', 'Animation', 'Drama', 'Games', 'Music']",Sterling Heights,['00s']
147,ROBERTSON JOANNE,JOANNE.ROBERTSON@sakilacustomer.org,185.0,127.66,['English             '],"['Action', 'Animation', 'Drama', 'Family', 'Music']",Urawa,['00s']
148,HUNT ELEANOR,ELEANOR.HUNT@sakilacustomer.org,185.0,216.54,['English             '],"['Classics', 'Foreign', 'Games', 'Sci-Fi', 'Travel']",Saint-Denis,['00s']
149,BLACK VALERIE,VALERIE.BLACK@sakilacustomer.org,185.0,121.74,['English             '],"['Children', 'Documentary', 'Family', 'Sci-Fi', 'Sports']",Brockton,['00s']
150,DANIELS DANIELLE,DANIELLE.DANIELS@sakilacustomer.org,185.0,105.75,['English             '],"['Animation', 'Drama', 'Horror', 'Sci-Fi', 'Sports']",Hidalgo,['00s']
151,PALMER MEGAN,MEGAN.PALMER@sakilacustomer.org,185.0,92.73,['English             '],"['Action', 'Animation', 'Drama', 'Horror', 'Travel']",Laiwu,['00s']
152,MILLS ALICIA,ALICIA.MILLS@sakilacustomer.org,185.0,83.79,['English             '],"['Animation', 'Children', 'Comedy', 'Documentary', 'Drama']",Nagaon,['00s']
153,NICHOLS SUZANNE,SUZANNE.NICHOLS@sakilacustomer.org,185.0,94.76,['English             '],"['Action', 'Children', 'Classics', 'Comedy', 'Horror']",Jakarta,['00s']
154,GRANT MICHELE,MICHELE.GRANT@sakilacustomer.org,185.0,130.7,['English             '],"['Action', 'Children', 'Games', 'Sci-Fi', 'Travel']",Yuncheng,['00s']
155,KNIGHT GAIL,GAIL.KNIGHT@sakilacustomer.org,185.0,109.75,['English             '],"['Action', 'Animation', 'Classics', 'Family', 'Games']",Bern,['00s']
156,FERGUSON BERTHA,BERTHA.FERGUSON@sakilacustomer.org,185.0,101.75,['English             '],"['Action', 'Children', 'Comedy', 'Drama', 'Travel']",Ondo,['00s']
157,ROSE DARLENE,DARLENE.ROSE@sakilacustomer.org,185.0,113.69,['English             '],"['Action', 'Animation', 'Comedy', 'Foreign', 'Music']",Pyongyang,['00s']
158,STONE VERONICA,VERONICA.STONE@sakilacustomer.org,185.0,126.68,['English             '],"['Action', 'Animation', 'Children', 'Sci-Fi', 'Sports']",Greensboro,['00s']
159,HAWKINS JILL,JILL.HAWKINS@sakilacustomer.org,185.0,68.79,['English             '],"['Animation', 'Classics', 'Comedy', 'Drama', 'Family']",Linz,['00s']
160,DUNN ERIN,ERIN.DUNN@sakilacustomer.org,185.0,106.73,['English             '],"['Action', 'Animation', 'Classics', 'Games', 'Music']",Ljubertsy,['00s']
161,PERKINS GERALDINE,GERALDINE.PERKINS@sakilacustomer.org,185.0,112.7,['English             '],"['Action', 'Animation', 'Documentary', 'Family', 'Foreign']",Tel Aviv-Jaffa,['00s']
162,HUDSON LAUREN,LAUREN.HUDSON@sakilacustomer.org,185.0,71.8,['English             '],"['Animation', 'Classics', 'Documentary', 'Drama', 'Sports']",Le Mans,['00s']
163,SPENCER CATHY,CATHY.SPENCER@sakilacustomer.org,185.0,122.71,['English             '],"['Action', 'Animation', 'Classics', 'Family', 'Sports']",Kakamigahara,['00s']
164,GARDNER JOANN,JOANN.GARDNER@sakilacustomer.org,185.0,66.84,['English             '],"['Children', 'Documentary', 'Foreign', 'Games', 'Music']",Tarsus,['00s']
165,STEPHENS LORRAINE,LORRAINE.STEPHENS@sakilacustomer.org,185.0,86.79,['English             '],"['Animation', 'Children', 'Classics', 'Family', 'Sci-Fi']",Hami,['00s']
166,PAYNE LYNN,LYNN.PAYNE@sakilacustomer.org,185.0,123.72,['English             '],"['Classics', 'Comedy', 'Music', 'Sci-Fi', 'Sports']",Lilongwe,['00s']
167,PIERCE SALLY,SALLY.PIERCE@sakilacustomer.org,185.0,119.68,['English             '],"['Action', 'Drama', 'Games', 'Music', 'Travel']",Chandrapur,['00s']
168,BERRY REGINA,REGINA.BERRY@sakilacustomer.org,185.0,135.66,['English             '],"['Animation', 'Foreign', 'Games', 'Horror', 'Travel']",Jinchang,['00s']
169,MATTHEWS ERICA,ERICA.MATTHEWS@sakilacustomer.org,185.0,95.78,['English             '],"['Children', 'Documentary', 'Foreign', 'Games', 'Sports']",Pingxiang,['00s']
170,ARNOLD BEATRICE,BEATRICE.ARNOLD@sakilacustomer.org,185.0,119.74,['English             '],"['Family', 'Foreign', 'Games', 'Horror', 'Sci-Fi']",Udaipur,['00s']
171,WAGNER DOLORES,DOLORES.WAGNER@sakilacustomer.org,185.0,114.74,['English             '],"['Action', 'Children', 'Horror', 'Sci-Fi', 'Sports']",Ipoh,['00s']
172,WILLIS BERNICE,BERNICE.WILLIS@sakilacustomer.org,185.0,145.67,['English             '],"['Animation', 'Children', 'Drama', 'Horror', 'Music']",Batman,['00s']
173,RAY AUDREY,AUDREY.RAY@sakilacustomer.org,185.0,119.71,['English             '],"['Action', 'Comedy', 'Drama', 'Games', 'Horror']",Graz,['00s']
174,WATKINS YVONNE,YVONNE.WATKINS@sakilacustomer.org,185.0,92.79,['English             '],"['Action', 'Animation', 'Comedy', 'Documentary', 'Drama']",Ocumare del Tuy,['00s']
175,OLSON ANNETTE,ANNETTE.OLSON@sakilacustomer.org,185.0,98.76,['English             '],"['Documentary', 'Drama', 'Family', 'Horror', 'Travel']",Allappuzha (Alleppey),['00s']
176,CARROLL JUNE,JUNE.CARROLL@sakilacustomer.org,185.0,173.63,['English             '],"['Animation', 'Comedy', 'Foreign', 'Sci-Fi', 'Sports']",Skikda,['00s']
177,DUNCAN SAMANTHA,SAMANTHA.DUNCAN@sakilacustomer.org,185.0,71.77,['English             '],"['Children', 'Documentary', 'Drama', 'Sports', 'Travel']",Matamoros,['00s']
178,SNYDER MARION,MARION.SNYDER@sakilacustomer.org,185.0,194.61,['English             '],"['Action', 'Animation', 'Documentary', 'Foreign', 'Sports']",Santa Brbara dOeste,['00s']
179,HART DANA,DANA.HART@sakilacustomer.org,185.0,133.71,['English             '],"['Action', 'Children', 'Foreign', 'Games', 'Sci-Fi']",Kirovo-Tepetsk,['00s']
180,CUNNINGHAM STACY,STACY.CUNNINGHAM@sakilacustomer.org,185.0,98.77,['English             '],"['Action', 'Drama', 'Games', 'Sports', 'Travel']",Pereira,['00s']
181,BRADLEY ANA,ANA.BRADLEY@sakilacustomer.org,185.0,174.66,['English             '],"['Action', 'Classics', 'Foreign', 'Games', 'Travel']",Memphis,['00s']
182,LANE RENEE,RENEE.LANE@sakilacustomer.org,185.0,97.74,['English             '],"['Action', 'Comedy', 'Games', 'Horror', 'Sci-Fi']",Compton,['00s']
183,ANDREWS IDA,IDA.ANDREWS@sakilacustomer.org,185.0,76.77,['English             '],"['Action', 'Foreign', 'Games', 'Horror', 'Sci-Fi']",Luzinia,['00s']
184,RUIZ VIVIAN,VIVIAN.RUIZ@sakilacustomer.org,185.0,90.77,['English             '],"['Animation', 'Documentary', 'Family', 'Horror', 'Music']",s-Hertogenbosch,['00s']
185,HARPER ROBERTA,ROBERTA.HARPER@sakilacustomer.org,185.0,84.77,['English             '],"['Animation', 'Children', 'Classics', 'Drama', 'Foreign']",Shahr-e Kord,['00s']
186,FOX HOLLY,HOLLY.FOX@sakilacustomer.org,185.0,114.69,['English             '],"['Classics', 'Comedy', 'Documentary', 'Drama', 'Foreign']",Haldia,['00s']
187,RILEY BRITTANY,BRITTANY.RILEY@sakilacustomer.org,185.0,159.72,['English             '],"['Action', 'Classics', 'Drama', 'Games', 'Music']",Sumy,['00s']
188,ARMSTRONG MELANIE,MELANIE.ARMSTRONG@sakilacustomer.org,185.0,92.75,['English             '],"['Action', 'Comedy', 'Documentary', 'Drama', 'Travel']",Bayugan,['00s']
189,CARPENTER LORETTA,LORETTA.CARPENTER@sakilacustomer.org,185.0,93.78,['English             '],"['Animation', 'Children', 'Games', 'Sci-Fi', 'Sports']",Oshawa,['00s']
190,WEAVER YOLANDA,YOLANDA.WEAVER@sakilacustomer.org,185.0,110.73,['English             '],"['Classics', 'Documentary', 'Drama', 'Games', 'Travel']",Tabora,['00s']
191,GREENE JEANETTE,JEANETTE.GREENE@sakilacustomer.org,185.0,74.8,['English             '],"['Action', 'Children', 'Family', 'Foreign', 'Horror']",Novoterkassk,['00s']
192,LAWRENCE LAURIE,LAURIE.LAWRENCE@sakilacustomer.org,185.0,99.77,['English             '],"['Animation', 'Classics', 'Comedy', 'Games', 'Travel']",Firozabad,['00s']
193,ELLIOTT KATIE,KATIE.ELLIOTT@sakilacustomer.org,185.0,109.75,['English             '],"['Animation', 'Children', 'Games', 'Horror', 'Sports']",Kisumu,['00s']
194,CHAVEZ KRISTEN,KRISTEN.CHAVEZ@sakilacustomer.org,185.0,87.82,['English             '],"['Animation', 'Drama', 'Family', 'Horror', 'Travel']",Hino,['00s']
195,SIMS VANESSA,VANESSA.SIMS@sakilacustomer.org,185.0,86.81,['English             '],"['Documentary', 'Drama', 'Games', 'Music', 'Sports']",Siegen,['00s']
196,AUSTIN ALMA,ALMA.AUSTIN@sakilacustomer.org,185.0,151.65,['English             '],"['Action', 'Animation', 'Drama', 'Family', 'Horror']",Mannheim,['00s']
197,PETERS SUE,SUE.PETERS@sakilacustomer.org,185.0,154.6,['English             '],"['Animation', 'Children', 'Classics', 'Comedy', 'Travel']",Changzhou,['00s']
198,KELLEY ELSIE,ELSIE.KELLEY@sakilacustomer.org,185.0,141.63,['English             '],"['Action', 'Comedy', 'Foreign', 'Horror', 'Sci-Fi']",Ikerre,['00s']
199,FRANKLIN BETH,BETH.FRANKLIN@sakilacustomer.org,185.0,103.75,['English             '],"['Children', 'Comedy', 'Drama', 'Family', 'Sports']",Haiphong,['00s']
200,LAWSON JEANNE,JEANNE.LAWSON@sakilacustomer.org,185.0,136.73,['English             '],"['Action', 'Classics', 'Documentary', 'Games', 'Horror']",Ashgabat,['00s']
201,FIELDS VICKI,VICKI.FIELDS@sakilacustomer.org,185.0,108.75,['English             '],"['Animation', 'Classics', 'Documentary', 'Games', 'Sports']",Witten,['00s']
202,GUTIERREZ CARLA,CARLA.GUTIERREZ@sakilacustomer.org,185.0,103.74,['English             '],"['Action', 'Animation', 'Children', 'Foreign', 'Travel']",Bhusawal,['00s']
203,RYAN TARA,TARA.RYAN@sakilacustomer.org,185.0,88.8,['English             '],"['Action', 'Children', 'Classics', 'Documentary', 'Drama']",Gorontalo,['00s']
204,SCHMIDT ROSEMARY,ROSEMARY.SCHMIDT@sakilacustomer.org,185.0,147.65,['English             '],"['Children', 'Family', 'Foreign', 'Horror', 'Travel']",Usak,['00s']
205,CARR EILEEN,EILEEN.CARR@sakilacustomer.org,185.0,80.82,['English             '],"['Action', 'Drama', 'Sci-Fi', 'Sports', 'Travel']",Ciudad del Este,['00s']
206,VASQUEZ TERRI,TERRI.VASQUEZ@sakilacustomer.org,185.0,126.73,['English             '],"['Action', 'Animation', 'Children', 'Family', 'Music']",Blumenau,['00s']
207,CASTILLO GERTRUDE,GERTRUDE.CASTILLO@sakilacustomer.org,185.0,137.66,['English             '],"['Classics', 'Documentary', 'Family', 'Horror', 'Sports']",Nuuk,['00s']
208,WHEELER LUCY,LUCY.WHEELER@sakilacustomer.org,185.0,91.74,['English             '],"['Action', 'Animation', 'Children', 'Documentary', 'Games']",Balurghat,['00s']
209,CHAPMAN TONYA,TONYA.CHAPMAN@sakilacustomer.org,185.0,161.68,['English             '],"['Action', 'Children', 'Classics', 'Drama', 'Horror']",Bhilwara,['00s']
210,OLIVER ELLA,ELLA.OLIVER@sakilacustomer.org,185.0,137.69,['English             '],"['Children', 'Drama', 'Family', 'Foreign', 'Sports']",Aden,['00s']
211,MONTGOMERY STACEY,STACEY.MONTGOMERY@sakilacustomer.org,185.0,151.66,['English             '],"['Animation', 'Classics', 'Games', 'Music', 'Sci-Fi']",Fuyu,['00s']
212,RICHARDS WILMA,WILMA.RICHARDS@sakilacustomer.org,185.0,91.8,['English             '],"['Children', 'Classics', 'Games', 'Sci-Fi', 'Sports']",Bellevue,['00s']
213,WILLIAMSON GINA,GINA.WILLIAMSON@sakilacustomer.org,185.0,111.72,['English             '],"['Children', 'Documentary', 'Family', 'Games', 'Sports']",Taizz,['00s']
214,JOHNSTON KRISTIN,KRISTIN.JOHNSTON@sakilacustomer.org,185.0,116.69,['English             '],"['Children', 'Comedy', 'Foreign', 'Music', 'Sports']",Sunnyvale,['00s']
215,BANKS JESSIE,JESSIE.BANKS@sakilacustomer.org,185.0,91.74,['English             '],"['Comedy', 'Family', 'Foreign', 'Music', 'Sports']",Stara Zagora,['00s']
216,MEYER NATALIE,NATALIE.MEYER@sakilacustomer.org,185.0,95.77,['English             '],"['Animation', 'Family', 'Horror', 'Sports', 'Travel']",Aparecida de Goinia,['00s']
217,BISHOP AGNES,AGNES.BISHOP@sakilacustomer.org,185.0,98.77,['English             '],"['Classics', 'Documentary', 'Drama', 'Games', 'Sci-Fi']",Sambhal,['00s']
218,MCCOY VERA,VERA.MCCOY@sakilacustomer.org,185.0,67.82,['English             '],"['Action', 'Classics', 'Comedy', 'Documentary', 'Family']",Kabul,['00s']
219,HOWELL WILLIE,WILLIE.HOWELL@sakilacustomer.org,185.0,101.74,['English             '],"['Animation', 'Comedy', 'Games', 'Music', 'Sci-Fi']",Vicente Lpez,['00s']
220,ALVAREZ CHARLENE,CHARLENE.ALVAREZ@sakilacustomer.org,185.0,114.73,['English             '],"['Drama', 'Family', 'Games', 'Music', 'Sports']",Zanzibar,['00s']
221,MORRISON BESSIE,BESSIE.MORRISON@sakilacustomer.org,185.0,132.72,['English             '],"['Animation', 'Children', 'Comedy', 'Documentary', 'Drama']",Syrakusa,['00s']
222,HANSEN DELORES,DELORES.HANSEN@sakilacustomer.org,185.0,91.79,['English             '],"['Children', 'Classics', 'Family', 'Games', 'Sports']",Jaroslavl,['00s']
223,FERNANDEZ MELINDA,MELINDA.FERNANDEZ@sakilacustomer.org,185.0,80.83,['English             '],"['Drama', 'Foreign', 'Games', 'Sci-Fi', 'Sports']",Mandi Bahauddin,['00s']
224,GARZA PEARL,PEARL.GARZA@sakilacustomer.org,185.0,76.78,['English             '],"['Action', 'Documentary', 'Foreign', 'Sports', 'Travel']",Jodhpur,['00s']
225,HARVEY ARLENE,ARLENE.HARVEY@sakilacustomer.org,185.0,120.74,['English             '],"['Documentary', 'Horror', 'Music', 'Sci-Fi', 'Travel']",Ambattur,['00s']
226,LITTLE MAUREEN,MAUREEN.LITTLE@sakilacustomer.org,185.0,87.79,['English             '],"['Animation', 'Classics', 'Foreign', 'Music', 'Sci-Fi']",Asuncin,['00s']
227,BURTON COLLEEN,COLLEEN.BURTON@sakilacustomer.org,185.0,87.76,['English             '],"['Action', 'Animation', 'Children', 'Foreign', 'Sci-Fi']",Saarbrcken,['00s']
228,STANLEY ALLISON,ALLISON.STANLEY@sakilacustomer.org,185.0,92.73,['English             '],"['Action', 'Drama', 'Foreign', 'Games', 'Sports']",Phnom Penh,['00s']
229,NGUYEN TAMARA,TAMARA.NGUYEN@sakilacustomer.org,185.0,93.75,['English             '],"['Documentary', 'Drama', 'Family', 'Music', 'Sports']",Anpolis,['00s']
230,GEORGE JOY,JOY.GEORGE@sakilacustomer.org,185.0,124.67,['English             '],"['Animation', 'Classics', 'Drama', 'Family', 'Sci-Fi']",Botosani,['00s']
231,JACOBS GEORGIA,GEORGIA.JACOBS@sakilacustomer.org,185.0,110.74,['English             '],"['Action', 'Animation', 'Children', 'Comedy', 'Music']",Uttarpara-Kotrung,['00s']
232,REID CONSTANCE,CONSTANCE.REID@sakilacustomer.org,185.0,95.75,['English             '],"['Action', 'Animation', 'Children', 'Foreign', 'Sci-Fi']",Zaria,['00s']
233,KIM LILLIE,LILLIE.KIM@sakilacustomer.org,185.0,89.77,['English             '],"['Comedy', 'Documentary', 'Foreign', 'Games', 'Sci-Fi']",Idfu,['00s']
234,FULLER CLAUDIA,CLAUDIA.FULLER@sakilacustomer.org,185.0,111.74,['English             '],"['Action', 'Children', 'Classics', 'Foreign', 'Sports']",Jalib al-Shuyukh,['00s']
235,LYNCH JACKIE,JACKIE.LYNCH@sakilacustomer.org,185.0,93.75,['English             '],"['Animation', 'Documentary', 'Drama', 'Family', 'Games']",Buenaventura,['00s']
236,DEAN MARCIA,MARCIA.DEAN@sakilacustomer.org,185.0,175.58,['English             '],"['Animation', 'Family', 'Foreign', 'Games', 'Horror']",Tanza,['00s']
237,GILBERT TANYA,TANYA.GILBERT@sakilacustomer.org,185.0,144.67,['English             '],"['Children', 'Classics', 'Games', 'Music', 'Sports']",Naju,['00s']
238,GARRETT NELLIE,NELLIE.GARRETT@sakilacustomer.org,185.0,94.79,['English             '],"['Children', 'Classics', 'Family', 'Games', 'Sci-Fi']",Shimoga,['00s']
239,ROMERO MINNIE,MINNIE.ROMERO@sakilacustomer.org,185.0,142.66,['English             '],"['Action', 'Animation', 'Drama', 'Family', 'Horror']",Ciomas,['00s']
240,WELCH MARLENE,MARLENE.WELCH@sakilacustomer.org,185.0,117.74,['English             '],"['Action', 'Children', 'Documentary', 'Family', 'Games']",Iwaki,['00s']
241,LARSON HEIDI,HEIDI.LARSON@sakilacustomer.org,185.0,122.66,['English             '],"['Action', 'Children', 'Drama', 'Family', 'Games']",Xiangfan,['00s']
242,FRAZIER GLENDA,GLENDA.FRAZIER@sakilacustomer.org,185.0,140.68,['English             '],"['Classics', 'Documentary', 'Drama', 'Family', 'Games']",Qinhuangdao,['00s']
243,BURKE LYDIA,LYDIA.BURKE@sakilacustomer.org,185.0,82.76,['English             '],"['Action', 'Children', 'Drama', 'Games', 'Horror']",San Miguel de Tucumn,['00s']
244,HANSON VIOLA,VIOLA.HANSON@sakilacustomer.org,185.0,129.68,['English             '],"['Children', 'Comedy', 'Drama', 'Family', 'Foreign']",Lapu-Lapu,['00s']
245,DAY COURTNEY,COURTNEY.DAY@sakilacustomer.org,185.0,132.68,['English             '],"['Animation', 'Children', 'Classics', 'Foreign', 'Sports']",Uijongbu,['00s']
246,MENDOZA MARIAN,MARIAN.MENDOZA@sakilacustomer.org,185.0,107.77,['English             '],"['Classics', 'Drama', 'Foreign', 'Games', 'Sci-Fi']",Maring,['00s']
247,MORENO STELLA,STELLA.MORENO@sakilacustomer.org,185.0,104.78,['English             '],"['Action', 'Children', 'Documentary', 'Sci-Fi', 'Sports']",Coacalco de Berriozbal,['00s']
248,BOWMAN CAROLINE,CAROLINE.BOWMAN@sakilacustomer.org,185.0,50.85,['English             '],"['Action', 'Children', 'Foreign', 'Games', 'Sci-Fi']",Tallahassee,['00s']
249,MEDINA DORA,DORA.MEDINA@sakilacustomer.org,185.0,107.77,['English             '],"['Action', 'Classics', 'Comedy', 'Horror', 'Travel']",Tianjin,['00s']
250,FOWLER JO,JO.FOWLER@sakilacustomer.org,185.0,73.8,['English             '],"['Drama', 'Foreign', 'Games', 'Sci-Fi', 'Travel']",Oyo,['00s']
251,BREWER VICKIE,VICKIE.BREWER@sakilacustomer.org,185.0,120.69,['English             '],"['Animation', 'Classics', 'Drama', 'Music', 'Sci-Fi']",Halle/Saale,['00s']
252,HOFFMAN MATTIE,MATTIE.HOFFMAN@sakilacustomer.org,185.0,64.78,['English             '],"['Action', 'Children', 'Comedy', 'Documentary', 'Sports']",London,['00s']
253,CARLSON TERRY,TERRY.CARLSON@sakilacustomer.org,185.0,127.71,['English             '],"['Action', 'Animation', 'Documentary', 'Family', 'Foreign']",Miyakonojo,['00s']
254,SILVA MAXINE,MAXINE.SILVA@sakilacustomer.org,185.0,116.68,['English             '],"['Animation', 'Documentary', 'Drama', 'Games', 'Sci-Fi']",Poos de Caldas,['00s']
255,PEARSON IRMA,IRMA.PEARSON@sakilacustomer.org,185.0,70.82,['English             '],"['Animation', 'Classics', 'Comedy', 'Games', 'Sports']",Hagonoy,['00s']
256,HOLLAND MABEL,MABEL.HOLLAND@sakilacustomer.org,185.0,112.7,['English             '],"['Comedy', 'Documentary', 'Drama', 'Family', 'Games']",Monywa,['00s']
257,DOUGLAS MARSHA,MARSHA.DOUGLAS@sakilacustomer.org,185.0,151.63,['English             '],"['Action', 'Children', 'Family', 'Foreign', 'Games']",Beira,['00s']
258,FLEMING MYRTLE,MYRTLE.FLEMING@sakilacustomer.org,185.0,110.76,['English             '],"['Action', 'Documentary', 'Family', 'Foreign', 'Games']",Santiago de los Caballeros,['00s']
259,JENSEN LENA,LENA.JENSEN@sakilacustomer.org,185.0,170.67,['English             '],"['Children', 'Classics', 'Comedy', 'Drama', 'Sports']",Halisahar,['00s']
260,VARGAS CHRISTY,CHRISTY.VARGAS@sakilacustomer.org,185.0,122.69,['English             '],"['Animation', 'Drama', 'Games', 'Music', 'Sports']",Datong,['00s']
261,BYRD DEANNA,DEANNA.BYRD@sakilacustomer.org,185.0,107.74,['English             '],"['Animation', 'Comedy', 'Documentary', 'Foreign', 'Music']",Tuguegarao,['00s']
262,DAVIDSON PATSY,PATSY.DAVIDSON@sakilacustomer.org,185.0,119.72,['English             '],"['Animation', 'Drama', 'Games', 'Horror', 'Music']",Portoviejo,['00s']
263,HOPKINS HILDA,HILDA.HOPKINS@sakilacustomer.org,185.0,122.71,['English             '],"['Games', 'Music', 'Sci-Fi', 'Sports', 'Travel']",Mandaluyong,['00s']
264,MAY GWENDOLYN,GWENDOLYN.MAY@sakilacustomer.org,185.0,98.75,['English             '],"['Animation', 'Classics', 'Music', 'Sci-Fi', 'Travel']",Higashiosaka,['00s']
265,TERRY JENNIE,JENNIE.TERRY@sakilacustomer.org,185.0,133.71,['English             '],"['Children', 'Comedy', 'Family', 'Foreign', 'Sports']",Olomouc,['00s']
266,HERRERA NORA,NORA.HERRERA@sakilacustomer.org,185.0,118.72,['English             '],"['Children', 'Classics', 'Documentary', 'Games', 'Sports']",Salzburg,['00s']
267,WADE MARGIE,MARGIE.WADE@sakilacustomer.org,185.0,159.64,['English             '],"['Documentary', 'Family', 'Foreign', 'Games', 'Horror']",Lengshuijiang,['00s']
268,SOTO NINA,NINA.SOTO@sakilacustomer.org,185.0,123.71,['English             '],"['Action', 'Children', 'Documentary', 'Music', 'Travel']",Palghat (Palakkad),['00s']
269,WALTERS CASSANDRA,CASSANDRA.WALTERS@sakilacustomer.org,185.0,129.7,['English             '],"['Action', 'Animation', 'Classics', 'Drama', 'Travel']",Salinas,['00s']
270,CURTIS LEAH,LEAH.CURTIS@sakilacustomer.org,185.0,104.75,['English             '],"['Children', 'Comedy', 'Family', 'Music', 'Sports']",Kalisz,['00s']
271,NEAL PENNY,PENNY.NEAL@sakilacustomer.org,185.0,68.82,['English             '],"['Animation', 'Children', 'Games', 'Sports', 'Travel']",Kumbakonam,['00s']
272,CALDWELL KAY,KAY.CALDWELL@sakilacustomer.org,185.0,98.8,['English             '],"['Action', 'Animation', 'Classics', 'Documentary', 'Family']",Yantai,['00s']
273,LOWE PRISCILLA,PRISCILLA.LOWE@sakilacustomer.org,185.0,157.65,['English             '],"['Animation', 'Documentary', 'Family', 'Games', 'Sci-Fi']",Salamanca,['00s']
274,JENNINGS NAOMI,NAOMI.JENNINGS@sakilacustomer.org,185.0,152.65,['English             '],"['Action', 'Family', 'Foreign', 'Sci-Fi', 'Sports']",Karnal,['00s']
275,BARNETT CAROLE,CAROLE.BARNETT@sakilacustomer.org,185.0,108.7,['English             '],"['Action', 'Classics', 'Games', 'Horror', 'Sports']",Peoria,['00s']
276,GRAVES BRANDY,BRANDY.GRAVES@sakilacustomer.org,185.0,122.72,['English             '],"['Action', 'Comedy', 'Documentary', 'Drama', 'Horror']",Warren,['00s']
277,JIMENEZ OLGA,OLGA.JIMENEZ@sakilacustomer.org,185.0,144.68,['English             '],"['Animation', 'Children', 'Comedy', 'Games', 'Sports']",Ogbomosho,['00s']
278,HORTON BILLIE,BILLIE.HORTON@sakilacustomer.org,185.0,88.74,['English             '],"['Comedy', 'Documentary', 'Drama', 'Foreign', 'Games']",Inegl,['00s']
279,SHELTON DIANNE,DIANNE.SHELTON@sakilacustomer.org,185.0,135.69,['English             '],"['Action', 'Animation', 'Comedy', 'Games', 'Sci-Fi']",Tabriz,['00s']
280,BARRETT TRACEY,TRACEY.BARRETT@sakilacustomer.org,185.0,118.73,['English             '],"['Children', 'Documentary', 'Family', 'Foreign', 'Sci-Fi']",Owo,['00s']
281,OBRIEN LEONA,LEONA.OBRIEN@sakilacustomer.org,185.0,50.86,['English             '],"['Animation', 'Children', 'Comedy', 'Drama', 'Games']",Fuzhou,['00s']
282,CASTRO JENNY,JENNY.CASTRO@sakilacustomer.org,185.0,103.73,['English             '],"['Documentary', 'Foreign', 'Horror', 'Sports', 'Travel']",Ponce,['00s']
283,SUTTON FELICIA,FELICIA.SUTTON@sakilacustomer.org,185.0,86.72,['English             '],"['Action', 'Animation', 'Classics', 'Documentary', 'Sci-Fi']",Korla,['00s']
284,GREGORY SONIA,SONIA.GREGORY@sakilacustomer.org,185.0,126.72,['English             '],"['Drama', 'Foreign', 'Games', 'Sci-Fi', 'Travel']",Benin City,['00s']
285,MCKINNEY MIRIAM,MIRIAM.MCKINNEY@sakilacustomer.org,185.0,135.74,['English             '],"['Action', 'Children', 'Documentary', 'Sci-Fi', 'Sports']",Otsu,['00s']
286,LUCAS VELMA,VELMA.LUCAS@sakilacustomer.org,185.0,117.73,['English             '],"['Action', 'Comedy', 'Documentary', 'Music', 'Sci-Fi']",Effon-Alaiye,['00s']
287,MILES BECKY,BECKY.MILES@sakilacustomer.org,185.0,115.71,['English             '],"['Action', 'Animation', 'Comedy', 'Drama', 'Sci-Fi']",Tambaram,['00s']
288,CRAIG BOBBIE,BOBBIE.CRAIG@sakilacustomer.org,185.0,80.76,['English             '],"['Action', 'Classics', 'Drama', 'Music', 'Sports']",Valle de Santiago,['00s']
289,RODRIQUEZ VIOLET,VIOLET.RODRIQUEZ@sakilacustomer.org,185.0,142.7,['English             '],"['Action', 'Foreign', 'Games', 'Horror', 'Sports']",Kowloon and New Kowloon,['00s']
290,CHAMBERS KRISTINA,KRISTINA.CHAMBERS@sakilacustomer.org,185.0,109.72,['English             '],"['Action', 'Comedy', 'Horror', 'Sci-Fi', 'Travel']",Valle de la Pascua,['00s']
291,HOLT TONI,TONI.HOLT@sakilacustomer.org,185.0,95.77,['English             '],"['Classics', 'Documentary', 'Games', 'Music', 'Sci-Fi']",Roanoke,['00s']
292,LAMBERT MISTY,MISTY.LAMBERT@sakilacustomer.org,185.0,118.73,['English             '],"['Classics', 'Documentary', 'Drama', 'Family', 'Sci-Fi']",Sharja,['00s']
293,FLETCHER MAE,MAE.FLETCHER@sakilacustomer.org,185.0,158.69,['English             '],"['Animation', 'Classics', 'Comedy', 'Documentary', 'Sports']",Donostia-San Sebastin,['00s']
294,WATTS SHELLY,SHELLY.WATTS@sakilacustomer.org,185.0,113.74,['English             '],"['Animation', 'Comedy', 'Drama', 'Horror', 'Sports']",Dayton,['00s']
295,BATES DAISY,DAISY.BATES@sakilacustomer.org,185.0,162.62,['English             '],"['Classics', 'Family', 'Foreign', 'Games', 'Sports']",Kolpino,['00s']
296,HALE RAMONA,RAMONA.HALE@sakilacustomer.org,185.0,129.7,['English             '],"['Comedy', 'Drama', 'Family', 'Music', 'Sports']",Patiala,['00s']
297,RHODES SHERRI,SHERRI.RHODES@sakilacustomer.org,185.0,128.67,['English             '],"['Action', 'Animation', 'Children', 'Horror', 'Sci-Fi']",Ahmadnagar,['00s']
298,PENA ERIKA,ERIKA.PENA@sakilacustomer.org,185.0,101.74,['English             '],"['Children', 'Drama', 'Games', 'Horror', 'Sports']",Oulu,['00s']
299,GANNON JAMES,JAMES.GANNON@sakilacustomer.org,185.0,131.7,['English             '],"['Action', 'Classics', 'Documentary', 'Foreign', 'Games']",Hiroshima,['00s']
300,FARNSWORTH JOHN,JOHN.FARNSWORTH@sakilacustomer.org,185.0,137.69,['English             '],"['Action', 'Drama', 'Foreign', 'Games', 'Music']",Parbhani,['00s']
301,BAUGHMAN ROBERT,ROBERT.BAUGHMAN@sakilacustomer.org,185.0,92.79,['English             '],"['Action', 'Classics', 'Music', 'Sci-Fi', 'Travel']",Kaliningrad,['00s']
302,SILVERMAN MICHAEL,MICHAEL.SILVERMAN@sakilacustomer.org,185.0,127.71,['English             '],"['Animation', 'Comedy', 'Drama', 'Games', 'Travel']",Tiefa,['00s']
303,SATTERFIELD WILLIAM,WILLIAM.SATTERFIELD@sakilacustomer.org,185.0,100.74,['English             '],"['Classics', 'Documentary', 'Drama', 'Family', 'Sports']",Sanaa,['00s']
304,ROYAL DAVID,DAVID.ROYAL@sakilacustomer.org,185.0,115.74,['English             '],"['Classics', 'Family', 'Sci-Fi', 'Sports', 'Travel']",Callao,['00s']
305,MCCRARY RICHARD,RICHARD.MCCRARY@sakilacustomer.org,185.0,109.75,['English             '],"['Comedy', 'Documentary', 'Drama', 'Foreign', 'Travel']",Arlington,['00s']
306,KOWALSKI CHARLES,CHARLES.KOWALSKI@sakilacustomer.org,185.0,138.68,['English             '],"['Comedy', 'Drama', 'Games', 'Sci-Fi', 'Sports']",Sungai Petani,['00s']
307,JOY JOSEPH,JOSEPH.JOY@sakilacustomer.org,185.0,134.7,['English             '],"['Animation', 'Drama', 'Family', 'Games', 'Music']",Angra dos Reis,['00s']
308,GRIGSBY THOMAS,THOMAS.GRIGSBY@sakilacustomer.org,185.0,105.75,['English             '],"['Action', 'Animation', 'Family', 'Music', 'Sports']",Kansas City,['00s']
309,GRECO CHRISTOPHER,CHRISTOPHER.GRECO@sakilacustomer.org,185.0,147.69,['English             '],"['Action', 'Children', 'Drama', 'Horror', 'Sports']",Brescia,['00s']
310,CABRAL DANIEL,DANIEL.CABRAL@sakilacustomer.org,185.0,97.8,['English             '],"['Children', 'Comedy', 'Documentary', 'Drama', 'Foreign']",Ibirit,['00s']
311,TROUT PAUL,PAUL.TROUT@sakilacustomer.org,185.0,120.77,['English             '],"['Action', 'Comedy', 'Documentary', 'Music', 'Travel']",Kursk,['00s']
312,RINEHART MARK,MARK.RINEHART@sakilacustomer.org,185.0,104.74,['English             '],"['Action', 'Drama', 'Music', 'Sports', 'Travel']",Tabuk,['00s']
313,MAHON DONALD,DONALD.MAHON@sakilacustomer.org,185.0,89.77,['English             '],"['Action', 'Animation', 'Drama', 'Family', 'Sci-Fi']",Ezhou,['00s']
314,LINTON GEORGE,GEORGE.LINTON@sakilacustomer.org,185.0,131.67,['English             '],"['Action', 'Children', 'Comedy', 'Drama', 'Sports']",Sorocaba,['00s']
315,GOODEN KENNETH,KENNETH.GOODEN@sakilacustomer.org,185.0,84.83,['English             '],"['Comedy', 'Family', 'Foreign', 'Sports', 'Travel']",Bat Yam,['00s']
316,CURLEY STEVEN,STEVEN.CURLEY@sakilacustomer.org,185.0,132.71,['English             '],"['Drama', 'Games', 'Horror', 'Sci-Fi', 'Sports']",Miraj,['00s']
317,BAUGH EDWARD,EDWARD.BAUGH@sakilacustomer.org,185.0,114.72,['English             '],"['Animation', 'Documentary', 'Games', 'Sci-Fi', 'Sports']",Trshavn,['00s']
318,WYMAN BRIAN,BRIAN.WYMAN@sakilacustomer.org,185.0,52.88,['English             '],"['Action', 'Comedy', 'Documentary', 'Drama', 'Family']",Bydgoszcz,['00s']
319,WEINER RONALD,RONALD.WEINER@sakilacustomer.org,185.0,132.7,['English             '],"['Children', 'Documentary', 'Drama', 'Horror', 'Sci-Fi']",San Felipe del Progreso,['00s']
320,SCHWAB ANTHONY,ANTHONY.SCHWAB@sakilacustomer.org,185.0,71.8,['English             '],"['Animation', 'Children', 'Classics', 'Comedy', 'Sports']",Tafuna,['00s']
321,SCHULER KEVIN,KEVIN.SCHULER@sakilacustomer.org,185.0,116.78,['English             '],"['Classics', 'Comedy', 'Foreign', 'Sci-Fi', 'Sports']",Birgunj,['00s']
322,MORRISSEY JASON,JASON.MORRISSEY@sakilacustomer.org,185.0,128.72,['English             '],"['Animation', 'Comedy', 'Drama', 'Sci-Fi', 'Sports']",Baha Blanca,['00s']
323,MAHAN MATTHEW,MATTHEW.MAHAN@sakilacustomer.org,185.0,114.69,['English             '],"['Action', 'Animation', 'Children', 'Drama', 'Foreign']",Cuautla,['00s']
324,COY GARY,GARY.COY@sakilacustomer.org,185.0,103.75,['English             '],"['Children', 'Comedy', 'Horror', 'Music', 'Travel']",Yuzhou,['00s']
325,BUNN TIMOTHY,TIMOTHY.BUNN@sakilacustomer.org,185.0,91.78,['English             '],"['Action', 'Classics', 'Family', 'Music', 'Sci-Fi']",Braslia,['00s']
326,ANDREW JOSE,JOSE.ANDREW@sakilacustomer.org,185.0,96.75,['English             '],"['Action', 'Children', 'Comedy', 'Documentary', 'Travel']",Kingstown,['00s']
327,THRASHER LARRY,LARRY.THRASHER@sakilacustomer.org,185.0,112.74,['English             '],"['Action', 'Children', 'Comedy', 'Documentary', 'Drama']",Adana,['00s']
328,SPEAR JEFFREY,JEFFREY.SPEAR@sakilacustomer.org,185.0,90.77,['English             '],"['Classics', 'Drama', 'Games', 'Horror', 'Music']",Ciparay,['00s']
329,WAGGONER FRANK,FRANK.WAGGONER@sakilacustomer.org,185.0,127.68,['English             '],"['Action', 'Animation', 'Classics', 'Comedy', 'Music']",Jamalpur,['00s']
330,SHELLEY SCOTT,SCOTT.SHELLEY@sakilacustomer.org,185.0,94.75,['English             '],"['Action', 'Children', 'Drama', 'Sports', 'Travel']",Aurora,['00s']
331,ROBERT ERIC,ERIC.ROBERT@sakilacustomer.org,185.0,122.73,['English             '],"['Action', 'Documentary', 'Horror', 'Music', 'Sci-Fi']",Santa F,['00s']
332,QUALLS STEPHEN,STEPHEN.QUALLS@sakilacustomer.org,185.0,118.72,['English             '],"['Classics', 'Documentary', 'Games', 'Horror', 'Travel']",Dhaka,['00s']
333,PURDY ANDREW,ANDREW.PURDY@sakilacustomer.org,185.0,109.73,['English             '],"['Comedy', 'Games', 'Horror', 'Sci-Fi', 'Travel']",Baku,['00s']
334,MCWHORTER RAYMOND,RAYMOND.MCWHORTER@sakilacustomer.org,185.0,135.7,['English             '],"['Animation', 'Drama', 'Family', 'Foreign', 'Travel']",Sumqayit,['00s']
335,MAULDIN GREGORY,GREGORY.MAULDIN@sakilacustomer.org,185.0,78.77,['English             '],"['Animation', 'Comedy', 'Foreign', 'Music', 'Sci-Fi']",Sousse,['00s']
336,MARK JOSHUA,JOSHUA.MARK@sakilacustomer.org,185.0,119.7,['English             '],"['Animation', 'Documentary', 'Family', 'Games', 'Horror']",Rampur,['00s']
337,JORDON JERRY,JERRY.JORDON@sakilacustomer.org,185.0,143.71,['English             '],"['Action', 'Animation', 'Comedy', 'Documentary', 'Sci-Fi']",Onomichi,['00s']
338,GILMAN DENNIS,DENNIS.GILMAN@sakilacustomer.org,185.0,114.72,['English             '],"['Animation', 'Children', 'Foreign', 'Music', 'Sports']",Paarl,['00s']
339,PERRYMAN WALTER,WALTER.PERRYMAN@sakilacustomer.org,185.0,127.7,['English             '],"['Animation', 'Family', 'Foreign', 'Games', 'Sports']",Xinxiang,['00s']
340,NEWSOM PATRICK,PATRICK.NEWSOM@sakilacustomer.org,185.0,119.69,['English             '],"['Classics', 'Comedy', 'Documentary', 'Family', 'Games']",Hanoi,['00s']
341,MENARD PETER,PETER.MENARD@sakilacustomer.org,185.0,106.77,['English             '],"['Action', 'Animation', 'Family', 'Sci-Fi', 'Sports']",Ede,['00s']
342,MARTINO HAROLD,HAROLD.MARTINO@sakilacustomer.org,185.0,130.68,['English             '],"['Action', 'Classics', 'Documentary', 'Games', 'Music']",Boa Vista,['00s']
343,GRAF DOUGLAS,DOUGLAS.GRAF@sakilacustomer.org,185.0,114.75,['English             '],"['Children', 'Comedy', 'Drama', 'Games', 'Sports']",Mexicali,['00s']
344,BILLINGSLEY HENRY,HENRY.BILLINGSLEY@sakilacustomer.org,185.0,73.82,['English             '],"['Action', 'Family', 'Foreign', 'Music', 'Sports']",Nukualofa,['00s']
345,ARTIS CARL,CARL.ARTIS@sakilacustomer.org,185.0,106.77,['English             '],"['Animation', 'Comedy', 'Family', 'Sci-Fi', 'Travel']",San Lorenzo,['00s']
346,SIMPKINS ARTHUR,ARTHUR.SIMPKINS@sakilacustomer.org,185.0,155.68,['English             '],"['Action', 'Games', 'Horror', 'Sci-Fi', 'Sports']",Maikop,['00s']
347,SALISBURY RYAN,RYAN.SALISBURY@sakilacustomer.org,185.0,142.7,['English             '],"['Classics', 'Documentary', 'Drama', 'Horror', 'Sports']",Daugavpils,['00s']
348,QUINTANILLA ROGER,ROGER.QUINTANILLA@sakilacustomer.org,185.0,146.64,['English             '],"['Action', 'Animation', 'Documentary', 'Drama', 'Music']",Hsichuh,['00s']
349,GILLILAND JOE,JOE.GILLILAND@sakilacustomer.org,185.0,138.71,['English             '],"['Documentary', 'Family', 'Foreign', 'Horror', 'Sports']",Imus,['00s']
350,FRALEY JUAN,JUAN.FRALEY@sakilacustomer.org,185.0,73.77,['English             '],"['Animation', 'Drama', 'Music', 'Sports', 'Travel']",Teboksary,['00s']
351,FOUST JACK,JACK.FOUST@sakilacustomer.org,185.0,89.76,['English             '],"['Classics', 'Foreign', 'Games', 'Horror', 'Sports']",Zeleznogorsk,['00s']
352,CROUSE ALBERT,ALBERT.CROUSE@sakilacustomer.org,185.0,99.77,['English             '],"['Action', 'Foreign', 'Games', 'Music', 'Sports']",Bamenda,['00s']
353,SCARBOROUGH JONATHAN,JONATHAN.SCARBOROUGH@sakilacustomer.org,185.0,72.82,['English             '],"['Action', 'Animation', 'Documentary', 'Family', 'Horror']",Pachuca de Soto,['00s']
354,NGO JUSTIN,JUSTIN.NGO@sakilacustomer.org,185.0,129.64,['English             '],"['Action', 'Children', 'Classics', 'Documentary', 'Sci-Fi']",Santo Andr,['00s']
355,GRISSOM TERRY,TERRY.GRISSOM@sakilacustomer.org,185.0,72.8,['English             '],"['Drama', 'Family', 'Foreign', 'Music', 'Sci-Fi']",Matsue,['00s']
356,FULTZ GERALD,GERALD.FULTZ@sakilacustomer.org,185.0,121.7,['English             '],"['Action', 'Drama', 'Foreign', 'Horror', 'Sports']",Satna,['00s']
357,RICO KEITH,KEITH.RICO@sakilacustomer.org,185.0,89.74,['English             '],"['Action', 'Documentary', 'Family', 'Games', 'Horror']",Bratislava,['00s']
358,MARLOW SAMUEL,SAMUEL.MARLOW@sakilacustomer.org,185.0,80.79,['English             '],"['Action', 'Comedy', 'Games', 'Sports', 'Travel']",Ranchi,['00s']
359,MARKHAM WILLIE,WILLIE.MARKHAM@sakilacustomer.org,185.0,101.75,['English             '],"['Action', 'Documentary', 'Music', 'Sci-Fi', 'Sports']",Almirante Brown,['00s']
360,MADRIGAL RALPH,RALPH.MADRIGAL@sakilacustomer.org,185.0,150.66,['English             '],"['Animation', 'Drama', 'Family', 'Horror', 'Music']",Arecibo,['00s']
361,LAWTON LAWRENCE,LAWRENCE.LAWTON@sakilacustomer.org,185.0,100.69,['English             '],"['Action', 'Children', 'Drama', 'Foreign', 'Travel']",Yaound,['00s']
362,BARFIELD NICHOLAS,NICHOLAS.BARFIELD@sakilacustomer.org,185.0,145.68,['English             '],"['Animation', 'Children', 'Family', 'Horror', 'Sports']",Belm,['00s']
363,WHITING ROY,ROY.WHITING@sakilacustomer.org,185.0,143.71,['English             '],"['Children', 'Comedy', 'Drama', 'Foreign', 'Games']",Nyeri,['00s']
364,VARNEY BENJAMIN,BENJAMIN.VARNEY@sakilacustomer.org,185.0,95.77,['English             '],"['Animation', 'Classics', 'Drama', 'Games', 'Sports']",Guadalajara,['00s']
365,SCHWARZ BRUCE,BRUCE.SCHWARZ@sakilacustomer.org,185.0,103.77,['English             '],"['Animation', 'Children', 'Games', 'Music', 'Sports']",Okinawa,['00s']
366,HUEY BRANDON,BRANDON.HUEY@sakilacustomer.org,185.0,152.63,['English             '],"['Classics', 'Drama', 'Sci-Fi', 'Sports', 'Travel']",Balikesir,['00s']
367,GOOCH ADAM,ADAM.GOOCH@sakilacustomer.org,185.0,101.78,['English             '],"['Children', 'Classics', 'Foreign', 'Games', 'Travel']",Adoni,['00s']
368,ARCE HARRY,HARRY.ARCE@sakilacustomer.org,185.0,157.65,['English             '],"['Animation', 'Comedy', 'Documentary', 'Family', 'Sports']",Najafabad,['00s']
369,WHEAT FRED,FRED.WHEAT@sakilacustomer.org,185.0,88.75,['English             '],"['Classics', 'Documentary', 'Foreign', 'Games', 'Sci-Fi']",Jurez,['00s']
370,TRUONG WAYNE,WAYNE.TRUONG@sakilacustomer.org,185.0,70.81,['English             '],"['Animation', 'Children', 'Drama', 'Games', 'Horror']",Gulbarga,['00s']
371,POULIN BILLY,BILLY.POULIN@sakilacustomer.org,185.0,149.65,['English             '],"['Animation', 'Classics', 'Music', 'Sci-Fi', 'Sports']",Cabuyao,['00s']
372,MACKENZIE STEVE,STEVE.MACKENZIE@sakilacustomer.org,185.0,158.66,['English             '],"['Action', 'Children', 'Drama', 'Foreign', 'Horror']",Probolinggo,['00s']
373,LEONE LOUIS,LOUIS.LEONE@sakilacustomer.org,185.0,161.65,['English             '],"['Animation', 'Family', 'Foreign', 'Games', 'Travel']",Tanauan,['00s']
374,HURTADO JEREMY,JEREMY.HURTADO@sakilacustomer.org,185.0,103.72,['English             '],"['Animation', 'Children', 'Games', 'Music', 'Sports']",Vitria de Santo Anto,['00s']
375,SELBY AARON,AARON.SELBY@sakilacustomer.org,185.0,110.76,['English             '],"['Comedy', 'Drama', 'Foreign', 'Games', 'Travel']",Mwene-Ditu,['00s']
376,GAITHER RANDY,RANDY.GAITHER@sakilacustomer.org,185.0,110.72,['English             '],"['Action', 'Classics', 'Family', 'Games', 'Sports']",Kurgan,['00s']
377,FORTNER HOWARD,HOWARD.FORTNER@sakilacustomer.org,185.0,93.74,['English             '],"['Children', 'Classics', 'Documentary', 'Family', 'Games']",Kermanshah,['00s']
378,CULPEPPER EUGENE,EUGENE.CULPEPPER@sakilacustomer.org,185.0,71.81,['English             '],"['Action', 'Animation', 'Comedy', 'Drama', 'Music']",Shenzhen,['00s']
379,COUGHLIN CARLOS,CARLOS.COUGHLIN@sakilacustomer.org,185.0,106.77,['English             '],"['Action', 'Comedy', 'Foreign', 'Sci-Fi', 'Sports']",Bhavnagar,['00s']
380,BRINSON RUSSELL,RUSSELL.BRINSON@sakilacustomer.org,185.0,136.64,['English             '],"['Animation', 'Comedy', 'Foreign', 'Sci-Fi', 'Sports']",Tychy,['00s']
381,BOUDREAU BOBBY,BOBBY.BOUDREAU@sakilacustomer.org,185.0,106.65,['English             '],"['Animation', 'Children', 'Games', 'Music', 'Sci-Fi']",South Hill,['00s']
382,BARKLEY VICTOR,VICTOR.BARKLEY@sakilacustomer.org,185.0,91.76,['English             '],"['Action', 'Classics', 'Drama', 'Family', 'Sci-Fi']",Manchester,['00s']
383,BALES MARTIN,MARTIN.BALES@sakilacustomer.org,185.0,103.73,['English             '],"['Animation', 'Children', 'Classics', 'Comedy', 'Music']",Namibe,['00s']
384,STEPP ERNEST,ERNEST.STEPP@sakilacustomer.org,185.0,89.75,['English             '],"['Children', 'Documentary', 'Drama', 'Foreign', 'Music']",Huaian,['00s']
385,HOLM PHILLIP,PHILLIP.HOLM@sakilacustomer.org,185.0,101.74,['English             '],"['Comedy', 'Horror', 'Music', 'Sci-Fi', 'Sports']",Tama,['00s']
386,TAN TODD,TODD.TAN@sakilacustomer.org,185.0,117.71,['English             '],"['Action', 'Children', 'Classics', 'Drama', 'Music']",Kamjanets-Podilskyi,['00s']
387,SCHILLING JESSE,JESSE.SCHILLING@sakilacustomer.org,185.0,101.74,['English             '],"['Action', 'Comedy', 'Documentary', 'Horror', 'Sci-Fi']",Lubumbashi,['00s']
388,MORRELL CRAIG,CRAIG.MORRELL@sakilacustomer.org,185.0,124.7,['English             '],"['Drama', 'Family', 'Games', 'Music', 'Sports']",Cavite,['00s']
389,KAHN ALAN,ALAN.KAHN@sakilacustomer.org,185.0,124.74,['English             '],"['Animation', 'Classics', 'Comedy', 'Documentary', 'Sports']",Emeishan,['00s']
390,HEATON SHAWN,SHAWN.HEATON@sakilacustomer.org,185.0,152.67,['English             '],"['Animation', 'Comedy', 'Games', 'Horror', 'Music']",Nakhon Sawan,['00s']
391,GAMEZ CLARENCE,CLARENCE.GAMEZ@sakilacustomer.org,185.0,104.7,['English             '],"['Animation', 'Classics', 'Drama', 'Sci-Fi', 'Sports']",Izumisano,['00s']
392,DOUGLASS SEAN,SEAN.DOUGLASS@sakilacustomer.org,185.0,91.77,['English             '],"['Animation', 'Classics', 'Documentary', 'Games', 'Horror']",Addis Abeba,['00s']
393,CAUSEY PHILIP,PHILIP.CAUSEY@sakilacustomer.org,185.0,121.69,['English             '],"['Animation', 'Drama', 'Family', 'Foreign', 'Horror']",Korolev,['00s']
394,BROTHERS CHRIS,CHRIS.BROTHERS@sakilacustomer.org,185.0,84.78,['English             '],"['Action', 'Animation', 'Drama', 'Sci-Fi', 'Sports']",Gijn,['00s']
395,TURPIN JOHNNY,JOHNNY.TURPIN@sakilacustomer.org,185.0,57.81,['English             '],"['Comedy', 'Documentary', 'Drama', 'Music', 'Sci-Fi']",al-Qadarif,['00s']
396,SHANKS EARL,EARL.SHANKS@sakilacustomer.org,185.0,111.73,['English             '],"['Action', 'Animation', 'Classics', 'Comedy', 'Documentary']",Iwatsuki,['00s']
397,SCHRADER JIMMY,JIMMY.SCHRADER@sakilacustomer.org,185.0,105.71,['English             '],"['Animation', 'Documentary', 'Foreign', 'Music', 'Sci-Fi']",Atinsk,['00s']
398,MEEK ANTONIO,ANTONIO.MEEK@sakilacustomer.org,185.0,78.84,['English             '],"['Children', 'Drama', 'Family', 'Foreign', 'Music']",Bag,['00s']
399,ISOM DANNY,DANNY.ISOM@sakilacustomer.org,185.0,91.79,['English             '],"['Action', 'Children', 'Documentary', 'Foreign', 'Sports']",Okara,['00s']
400,HARDISON BRYAN,BRYAN.HARDISON@sakilacustomer.org,185.0,124.72,['English             '],"['Action', 'Animation', 'Comedy', 'Horror', 'Sci-Fi']",Dallas,['00s']
401,CARRANZA TONY,TONY.CARRANZA@sakilacustomer.org,185.0,74.78,['English             '],"['Action', 'Animation', 'Children', 'Family', 'Travel']",Koriyama,['00s']
402,YANEZ LUIS,LUIS.YANEZ@sakilacustomer.org,185.0,79.8,['English             '],"['Children', 'Documentary', 'Family', 'Sci-Fi', 'Sports']",Brest,['00s']
403,WAY MIKE,MIKE.WAY@sakilacustomer.org,185.0,166.65,['English             '],"['Action', 'Classics', 'Foreign', 'Music', 'Sci-Fi']",Valparai,['00s']
404,SCROGGINS STANLEY,STANLEY.SCROGGINS@sakilacustomer.org,185.0,139.7,['English             '],"['Action', 'Animation', 'Foreign', 'Horror', 'Sports']",Omiya,['00s']
405,SCHOFIELD LEONARD,LEONARD.SCHOFIELD@sakilacustomer.org,185.0,109.68,['English             '],"['Action', 'Animation', 'Family', 'Horror', 'Sports']",Tandil,['00s']
406,RUNYON NATHAN,NATHAN.RUNYON@sakilacustomer.org,185.0,122.68,['English             '],"['Action', 'Animation', 'Classics', 'Comedy', 'Documentary']",Charlotte Amalie,['00s']
407,RATCLIFF DALE,DALE.RATCLIFF@sakilacustomer.org,185.0,112.73,['English             '],"['Classics', 'Drama', 'Family', 'Horror', 'Sci-Fi']",Rustenburg,['00s']
408,MURRELL MANUEL,MANUEL.MURRELL@sakilacustomer.org,185.0,116.7,['English             '],"['Children', 'Classics', 'Comedy', 'Games', 'Horror']",Jaffna,['00s']
409,MOELLER RODNEY,RODNEY.MOELLER@sakilacustomer.org,185.0,104.77,['English             '],"['Action', 'Animation', 'Children', 'Comedy', 'Documentary']",Deba Habe,['00s']
410,IRBY CURTIS,CURTIS.IRBY@sakilacustomer.org,185.0,167.62,['English             '],"['Documentary', 'Drama', 'Games', 'Horror', 'Sci-Fi']",Richmond Hill,['00s']
411,CURRIER NORMAN,NORMAN.CURRIER@sakilacustomer.org,185.0,80.74,['English             '],"['Animation', 'Documentary', 'Games', 'Music', 'Sports']",Cianjur,['00s']
412,BUTTERFIELD ALLEN,ALLEN.BUTTERFIELD@sakilacustomer.org,185.0,85.79,['English             '],"['Classics', 'Comedy', 'Documentary', 'Drama', 'Games']",Hoshiarpur,['00s']
413,YEE MARVIN,MARVIN.YEE@sakilacustomer.org,185.0,75.79,['English             '],"['Animation', 'Children', 'Comedy', 'Drama', 'Games']",Berhampore (Baharampur),['00s']
414,RALSTON VINCENT,VINCENT.RALSTON@sakilacustomer.org,185.0,105.75,['English             '],"['Documentary', 'Family', 'Games', 'Music', 'Travel']",Allende,['00s']
415,PULLEN GLENN,GLENN.PULLEN@sakilacustomer.org,185.0,93.77,['English             '],"['Action', 'Children', 'Comedy', 'Documentary', 'Sports']",Amersfoort,['00s']
416,PINSON JEFFERY,JEFFERY.PINSON@sakilacustomer.org,185.0,121.69,['English             '],"['Action', 'Classics', 'Documentary', 'Sci-Fi', 'Travel']",Dadu,['00s']
417,ESTEP TRAVIS,TRAVIS.ESTEP@sakilacustomer.org,185.0,110.75,['English             '],"['Animation', 'Comedy', 'Drama', 'Family', 'Sci-Fi']",al-Qatif,['00s']
418,EAST JEFF,JEFF.EAST@sakilacustomer.org,185.0,107.7,['English             '],"['Action', 'Family', 'Foreign', 'Games', 'Travel']",San Felipe de Puerto Plata,['00s']
419,CARBONE CHAD,CHAD.CARBONE@sakilacustomer.org,185.0,89.75,['English             '],"['Action', 'Animation', 'Classics', 'Horror', 'Sci-Fi']",Katihar,['00s']
420,LANCE JACOB,JACOB.LANCE@sakilacustomer.org,185.0,79.79,['English             '],"['Animation', 'Drama', 'Music', 'Sci-Fi', 'Sports']",El Monte,['00s']
421,HAWKS LEE,LEE.HAWKS@sakilacustomer.org,185.0,119.73,['English             '],"['Comedy', 'Documentary', 'Sci-Fi', 'Sports', 'Travel']",Pudukkottai,['00s']
422,ELLINGTON MELVIN,MELVIN.ELLINGTON@sakilacustomer.org,185.0,97.74,['English             '],"['Children', 'Documentary', 'Foreign', 'Horror', 'Sci-Fi']",Laohekou,['00s']
423,CASILLAS ALFRED,ALFRED.CASILLAS@sakilacustomer.org,185.0,120.74,['English             '],"['Action', 'Children', 'Documentary', 'Drama', 'Music']",Sawhaj,['00s']
424,SPURLOCK KYLE,KYLE.SPURLOCK@sakilacustomer.org,185.0,110.7,['English             '],"['Action', 'Animation', 'Documentary', 'Drama', 'Horror']",Shanwei,['00s']
425,SIKES FRANCIS,FRANCIS.SIKES@sakilacustomer.org,185.0,104.74,['English             '],"['Action', 'Classics', 'Documentary', 'Drama', 'Games']",San Juan Bautista Tuxtepec,['00s']
426,MOTLEY BRADLEY,BRADLEY.MOTLEY@sakilacustomer.org,185.0,126.73,['English             '],"['Action', 'Children', 'Classics', 'Drama', 'Travel']",Purnea (Purnia),['00s']
427,MCCARTNEY JESUS,JESUS.MCCARTNEY@sakilacustomer.org,185.0,114.76,['English             '],"['Action', 'Children', 'Comedy', 'Sports', 'Travel']",Guaruj,['00s']
428,KRUGER HERBERT,HERBERT.KRUGER@sakilacustomer.org,185.0,78.8,['English             '],"['Action', 'Classics', 'Documentary', 'Drama', 'Music']",Syktyvkar,['00s']
429,ISBELL FREDERICK,FREDERICK.ISBELL@sakilacustomer.org,185.0,105.79,['English             '],"['Classics', 'Comedy', 'Documentary', 'Foreign', 'Games']",Tsuyama,['00s']
430,HOULE RAY,RAY.HOULE@sakilacustomer.org,185.0,79.78,['English             '],"['Animation', 'Classics', 'Comedy', 'Documentary', 'Family']",Dzerzinsk,['00s']
431,FRANCISCO JOEL,JOEL.FRANCISCO@sakilacustomer.org,185.0,95.77,['English             '],"['Animation', 'Children', 'Comedy', 'Games', 'Sports']",Sucre,['00s']
432,BURK EDWIN,EDWIN.BURK@sakilacustomer.org,185.0,116.77,['English             '],"['Drama', 'Family', 'Games', 'Horror', 'Music']",Newcastle,['00s']
433,BONE DON,DON.BONE@sakilacustomer.org,185.0,133.75,['English             '],"['Action', 'Drama', 'Family', 'Foreign', 'Horror']",Naala-Porto,['00s']
434,TOMLIN EDDIE,EDDIE.TOMLIN@sakilacustomer.org,185.0,128.73,['English             '],"['Animation', 'Comedy', 'Documentary', 'Foreign', 'Horror']",Ozamis,['00s']
435,SHELBY RICKY,RICKY.SHELBY@sakilacustomer.org,185.0,91.75,['English             '],"['Animation', 'Comedy', 'Documentary', 'Drama', 'Foreign']",Junan,['00s']
436,QUIGLEY TROY,TROY.QUIGLEY@sakilacustomer.org,185.0,144.7,['English             '],"['Animation', 'Comedy', 'Family', 'Horror', 'Music']",Vancouver,['00s']
437,NEUMANN RANDALL,RANDALL.NEUMANN@sakilacustomer.org,185.0,99.77,['English             '],"['Comedy', 'Drama', 'Foreign', 'Horror', 'Sports']",La Romana,['00s']
438,LOVELACE BARRY,BARRY.LOVELACE@sakilacustomer.org,185.0,134.67,['English             '],"['Action', 'Animation', 'Comedy', 'Documentary', 'Horror']",Kitwe,['00s']
439,FENNELL ALEXANDER,ALEXANDER.FENNELL@sakilacustomer.org,185.0,151.64,['English             '],"['Animation', 'Children', 'Documentary', 'Foreign', 'Games']",Bergamo,['00s']
440,COLBY BERNARD,BERNARD.COLBY@sakilacustomer.org,185.0,88.78,['English             '],"['Animation', 'Documentary', 'Drama', 'Family', 'Music']",Dhule (Dhulia),['00s']
441,CHEATHAM MARIO,MARIO.CHEATHAM@sakilacustomer.org,185.0,112.72,['English             '],"['Children', 'Comedy', 'Drama', 'Family', 'Sci-Fi']",Batna,['00s']
442,BUSTAMANTE LEROY,LEROY.BUSTAMANTE@sakilacustomer.org,185.0,118.68,['English             '],"['Animation', 'Comedy', 'Documentary', 'Family', 'Foreign']",Tongliao,['00s']
443,SKIDMORE FRANCISCO,FRANCISCO.SKIDMORE@sakilacustomer.org,185.0,98.78,['English             '],"['Animation', 'Documentary', 'Drama', 'Games', 'Travel']",So Leopoldo,['00s']
444,HIDALGO MARCUS,MARCUS.HIDALGO@sakilacustomer.org,185.0,115.7,['English             '],"['Comedy', 'Games', 'Sci-Fi', 'Sports', 'Travel']",Tartu,['00s']
445,FORMAN MICHEAL,MICHEAL.FORMAN@sakilacustomer.org,185.0,102.74,['English             '],"['Action', 'Animation', 'Children', 'Games', 'Sci-Fi']",Escobar,['00s']
446,CULP THEODORE,THEODORE.CULP@sakilacustomer.org,185.0,116.69,['English             '],"['Children', 'Classics', 'Drama', 'Foreign', 'Travel']",Uluberia,['00s']
447,BOWENS CLIFFORD,CLIFFORD.BOWENS@sakilacustomer.org,185.0,113.71,['English             '],"['Animation', 'Comedy', 'Documentary', 'Drama', 'Horror']",Nabereznyje Telny,['00s']
448,BETANCOURT MIGUEL,MIGUEL.BETANCOURT@sakilacustomer.org,185.0,135.71,['English             '],"['Classics', 'Comedy', 'Documentary', 'Drama', 'Games']",Erlangen,['00s']
449,AQUINO OSCAR,OSCAR.AQUINO@sakilacustomer.org,185.0,99.8,['English             '],"['Action', 'Classics', 'Games', 'Sports', 'Travel']",Sirjan,['00s']
450,ROBB JAY,JAY.ROBB@sakilacustomer.org,185.0,89.74,['English             '],"['Classics', 'Documentary', 'Family', 'Horror', 'Sci-Fi']",Surakarta,['00s']
451,REA JIM,JIM.REA@sakilacustomer.org,185.0,128.67,['English             '],"['Classics', 'Drama', 'Foreign', 'Games', 'Sci-Fi']",El Fuerte,['00s']
452,MILNER TOM,TOM.MILNER@sakilacustomer.org,185.0,107.68,['English             '],"['Children', 'Documentary', 'Drama', 'Games', 'Sci-Fi']",Abu Dhabi,['00s']
453,MARTEL CALVIN,CALVIN.MARTEL@sakilacustomer.org,185.0,111.77,['English             '],"['Animation', 'Children', 'Family', 'Games', 'Sports']",Maracabo,['00s']
454,GRESHAM ALEX,ALEX.GRESHAM@sakilacustomer.org,185.0,151.67,['English             '],"['Comedy', 'Foreign', 'Music', 'Sports', 'Travel']",Uruapan,['00s']
455,WILES JON,JON.WILES@sakilacustomer.org,185.0,87.76,['English             '],"['Action', 'Family', 'Games', 'Music', 'Sci-Fi']",El Alto,['00s']
456,RICKETTS RONNIE,RONNIE.RICKETTS@sakilacustomer.org,185.0,100.75,['English             '],"['Classics', 'Documentary', 'Family', 'Games', 'Sci-Fi']",Ziguinchor,['00s']
457,GAVIN BILL,BILL.GAVIN@sakilacustomer.org,185.0,114.72,['English             '],"['Comedy', 'Documentary', 'Family', 'Music', 'Sports']",Rockford,['00s']
458,DOWD LLOYD,LLOYD.DOWD@sakilacustomer.org,185.0,66.81,['English             '],"['Classics', 'Comedy', 'Documentary', 'Foreign', 'Sci-Fi']",Tegal,['00s']
459,COLLAZO TOMMY,TOMMY.COLLAZO@sakilacustomer.org,185.0,186.62,['English             '],"['Comedy', 'Drama', 'Games', 'Horror', 'Travel']",Qomsheh,['00s']
460,BOSTIC LEON,LEON.BOSTIC@sakilacustomer.org,185.0,109.75,['English             '],"['Animation', 'Documentary', 'Foreign', 'Sci-Fi', 'Travel']",Florencia,['00s']
461,BLAKELY DEREK,DEREK.BLAKELY@sakilacustomer.org,185.0,97.72,['English             '],"['Animation', 'Comedy', 'Family', 'Horror', 'Sci-Fi']",Gingoog,['00s']
462,SHERROD WARREN,WARREN.SHERROD@sakilacustomer.org,185.0,159.67,['English             '],"['Animation', 'Children', 'Classics', 'Horror', 'Travel']",Usolje-Sibirskoje,['00s']
463,POWER DARRELL,DARRELL.POWER@sakilacustomer.org,185.0,91.75,['English             '],"['Action', 'Animation', 'Classics', 'Documentary', 'Sci-Fi']",Halifax,['00s']
464,KENYON JEROME,JEROME.KENYON@sakilacustomer.org,185.0,73.84,['English             '],"['Animation', 'Comedy', 'Drama', 'Family', 'Foreign']",Rancagua,['00s']
465,GANDY FLOYD,FLOYD.GANDY@sakilacustomer.org,185.0,69.83,['English             '],"['Animation', 'Children', 'Comedy', 'Foreign', 'Horror']",Zapopan,['00s']
466,EBERT LEO,LEO.EBERT@sakilacustomer.org,185.0,104.77,['English             '],"['Comedy', 'Documentary', 'Foreign', 'Horror', 'Travel']",Dongying,['00s']
467,DELOACH ALVIN,ALVIN.DELOACH@sakilacustomer.org,185.0,139.71,['English             '],"['Action', 'Children', 'Horror', 'Sports', 'Travel']",Cuauhtmoc,['00s']
468,CARY TIM,TIM.CARY@sakilacustomer.org,185.0,175.61,['English             '],"['Animation', 'Classics', 'Drama', 'Games', 'Sports']",Bijapur,['00s']
469,BULL WESLEY,WESLEY.BULL@sakilacustomer.org,185.0,177.6,['English             '],"['Action', 'Foreign', 'Games', 'Horror', 'Travel']",Ourense (Orense),['00s']
470,ALLARD GORDON,GORDON.ALLARD@sakilacustomer.org,185.0,160.68,['English             '],"['Animation', 'Drama', 'Horror', 'Sci-Fi', 'Sports']",Hodeida,['00s']
471,SAUER DEAN,DEAN.SAUER@sakilacustomer.org,185.0,109.73,['English             '],"['Classics', 'Comedy', 'Music', 'Sports', 'Travel']",Johannesburg,['00s']
472,ROBINS GREG,GREG.ROBINS@sakilacustomer.org,185.0,141.7,['English             '],"['Animation', 'Comedy', 'Drama', 'Horror', 'Music']",Nam Dinh,['00s']
473,OLIVARES JORGE,JORGE.OLIVARES@sakilacustomer.org,185.0,134.66,['English             '],"['Comedy', 'Documentary', 'Drama', 'Family', 'Foreign']",Lhokseumawe,['00s']
474,GILLETTE DUSTIN,DUSTIN.GILLETTE@sakilacustomer.org,185.0,100.74,['English             '],"['Animation', 'Drama', 'Family', 'Games', 'Sci-Fi']",Emmen,['00s']
475,CHESTNUT PEDRO,PEDRO.CHESTNUT@sakilacustomer.org,185.0,103.76,['English             '],"['Action', 'Classics', 'Drama', 'Foreign', 'Horror']",ostka,['00s']
476,BOURQUE DERRICK,DERRICK.BOURQUE@sakilacustomer.org,185.0,95.78,['English             '],"['Animation', 'Children', 'Games', 'Horror', 'Sci-Fi']",Gatineau,['00s']
477,PAINE DAN,DAN.PAINE@sakilacustomer.org,185.0,109.78,['English             '],"['Animation', 'Comedy', 'Drama', 'Horror', 'Sports']",Stockport,['00s']
478,LYMAN LEWIS,LEWIS.LYMAN@sakilacustomer.org,185.0,86.81,['English             '],"['Action', 'Animation', 'Classics', 'Comedy', 'Drama']",Ashqelon,['00s']
479,HITE ZACHARY,ZACHARY.HITE@sakilacustomer.org,185.0,146.69,['English             '],"['Children', 'Comedy', 'Foreign', 'Sports', 'Travel']",Akron,['00s']
480,HAUSER COREY,COREY.HAUSER@sakilacustomer.org,185.0,101.78,['English             '],"['Action', 'Classics', 'Comedy', 'Drama', 'Family']",Gaziantep,['00s']
481,DEVORE HERMAN,HERMAN.DEVORE@sakilacustomer.org,185.0,115.71,['English             '],"['Children', 'Horror', 'Music', 'Sports', 'Travel']",Mwanza,['00s']
482,CRAWLEY MAURICE,MAURICE.CRAWLEY@sakilacustomer.org,185.0,138.71,['English             '],"['Action', 'Documentary', 'Foreign', 'Sci-Fi', 'Sports']",Coatzacoalcos,['00s']
483,CHAPA VERNON,VERNON.CHAPA@sakilacustomer.org,185.0,88.82,['English             '],"['Animation', 'Children', 'Comedy', 'Documentary', 'Music']",Denizli,['00s']
484,VU ROBERTO,ROBERTO.VU@sakilacustomer.org,185.0,139.7,['English             '],"['Children', 'Documentary', 'Drama', 'Music', 'Sports']",Yinchuan,['00s']
485,TOBIAS CLYDE,CLYDE.TOBIAS@sakilacustomer.org,185.0,115.71,['English             '],"['Animation', 'Children', 'Documentary', 'Foreign', 'Horror']",Shaoguan,['00s']
486,TALBERT GLEN,GLEN.TALBERT@sakilacustomer.org,185.0,113.74,['English             '],"['Children', 'Documentary', 'Games', 'Sci-Fi', 'Sports']",Acua,['00s']
487,POINDEXTER HECTOR,HECTOR.POINDEXTER@sakilacustomer.org,185.0,119.74,['English             '],"['Action', 'Animation', 'Classics', 'Drama', 'Family']",Pjatigorsk,['00s']
488,MILLARD SHANE,SHANE.MILLARD@sakilacustomer.org,185.0,95.78,['English             '],"['Action', 'Documentary', 'Foreign', 'Horror', 'Sci-Fi']",La Paz,['00s']
489,MEADOR RICARDO,RICARDO.MEADOR@sakilacustomer.org,185.0,99.79,['English             '],"['Animation', 'Comedy', 'Games', 'Horror', 'Travel']",Okayama,['00s']
490,MCDUFFIE SAM,SAM.MCDUFFIE@sakilacustomer.org,185.0,117.76,['English             '],"['Animation', 'Documentary', 'Foreign', 'Games', 'Travel']",Sogamoso,['00s']
491,MATTOX RICK,RICK.MATTOX@sakilacustomer.org,185.0,124.73,['English             '],"['Animation', 'Documentary', 'Drama', 'Sci-Fi', 'Sports']",Mit Ghamr,['00s']
492,KRAUS LESTER,LESTER.KRAUS@sakilacustomer.org,185.0,65.84,['English             '],"['Action', 'Classics', 'Documentary', 'Sci-Fi', 'Travel']",Kanchrapara,['00s']
493,HARKINS BRENT,BRENT.HARKINS@sakilacustomer.org,185.0,112.77,['English             '],"['Animation', 'Children', 'Documentary', 'Horror', 'Travel']",Sultanbeyli,['00s']
494,CHOATE RAMON,RAMON.CHOATE@sakilacustomer.org,185.0,140.69,['English             '],"['Action', 'Animation', 'Family', 'Games', 'Sports']",Robamba,['00s']
495,BESS CHARLIE,CHARLIE.BESS@sakilacustomer.org,185.0,120.74,['English             '],"['Action', 'Classics', 'Drama', 'Family', 'Games']",Baiyin,['00s']
496,WREN TYLER,TYLER.WREN@sakilacustomer.org,185.0,88.79,['English             '],"['Animation', 'Children', 'Classics', 'Documentary', 'Sports']",Rizhao,['00s']
497,SLEDGE GILBERT,GILBERT.SLEDGE@sakilacustomer.org,185.0,129.72,['English             '],"['Documentary', 'Drama', 'Family', 'Games', 'Sci-Fi']",York,['00s']
498,SANBORN GENE,GENE.SANBORN@sakilacustomer.org,185.0,97.73,['English             '],"['Documentary', 'Family', 'Games', 'Horror', 'Sci-Fi']",Salala,['00s']
499,OUTLAW MARC,MARC.OUTLAW@sakilacustomer.org,185.0,123.7,['English             '],"['Children', 'Classics', 'Family', 'Foreign', 'Games']",Brindisi,['00s']
500,KINDER REGINALD,REGINALD.KINDER@sakilacustomer.org,185.0,115.72,['English             '],"['Children', 'Classics', 'Family', 'Games', 'Travel']",Madiun,['00s']
501,GEARY RUBEN,RUBEN.GEARY@sakilacustomer.org,185.0,89.79,['English             '],"['Action', 'Comedy', 'Family', 'Sci-Fi', 'Travel']",Lublin,['00s']
502,CORNWELL BRETT,BRETT.CORNWELL@sakilacustomer.org,185.0,138.66,['English             '],"['Action', 'Animation', 'Children', 'Foreign', 'Sports']",Siliguri (Shiliguri),['00s']
503,BARCLAY ANGEL,ANGEL.BARCLAY@sakilacustomer.org,185.0,115.68,['English             '],"['Children', 'Drama', 'Family', 'Horror', 'Sci-Fi']",Ueda,['00s']
504,ADAM NATHANIEL,NATHANIEL.ADAM@sakilacustomer.org,185.0,133.72,['English             '],"['Children', 'Documentary', 'Drama', 'Sports', 'Travel']",Joliet,['00s']
505,ABNEY RAFAEL,RAFAEL.ABNEY@sakilacustomer.org,185.0,97.79,['English             '],"['Action', 'Animation', 'Documentary', 'Foreign', 'Horror']",Talavera,['00s']
506,SEWARD LESLIE,LESLIE.SEWARD@sakilacustomer.org,185.0,152.65,['English             '],"['Action', 'Children', 'Documentary', 'Drama', 'Games']",Pontianak,['00s']
507,RHOADS EDGAR,EDGAR.RHOADS@sakilacustomer.org,185.0,95.75,['English             '],"['Documentary', 'Music', 'Sci-Fi', 'Sports', 'Travel']",Eskisehir,['00s']
508,HOWLAND MILTON,MILTON.HOWLAND@sakilacustomer.org,185.0,127.75,['English             '],"['Action', 'Drama', 'Family', 'Sci-Fi', 'Sports']",Vijayawada,['00s']
509,FORTIER RAUL,RAUL.FORTIER@sakilacustomer.org,185.0,100.8,['English             '],"['Animation', 'Classics', 'Comedy', 'Foreign', 'Travel']",Chapra,['00s']
510,EASTER BEN,BEN.EASTER@sakilacustomer.org,185.0,122.74,['English             '],"['Action', 'Animation', 'Children', 'Comedy', 'Drama']",Kamyin,['00s']
511,BENNER CHESTER,CHESTER.BENNER@sakilacustomer.org,185.0,99.76,['English             '],"['Animation', 'Children', 'Drama', 'Music', 'Sports']",Suihua,['00s']
512,VINES CECIL,CECIL.VINES@sakilacustomer.org,185.0,115.74,['English             '],"['Children', 'Documentary', 'Drama', 'Games', 'Sci-Fi']",London,['00s']
513,TUBBS DUANE,DUANE.TUBBS@sakilacustomer.org,185.0,148.69,['English             '],"['Comedy', 'Documentary', 'Games', 'Horror', 'Travel']",Yangor,['00s']
514,TROUTMAN FRANKLIN,FRANKLIN.TROUTMAN@sakilacustomer.org,185.0,74.78,['English             '],"['Action', 'Documentary', 'Horror', 'Music', 'Travel']",Zaoyang,['00s']
515,RAPP ANDRE,ANDRE.RAPP@sakilacustomer.org,185.0,126.72,['English             '],"['Children', 'Classics', 'Documentary', 'Foreign', 'Horror']",Coquimbo,['00s']
516,NOE ELMER,ELMER.NOE@sakilacustomer.org,185.0,98.74,['English             '],"['Action', 'Animation', 'Music', 'Sci-Fi', 'Travel']",Battambang,['00s']
517,MCCURDY BRAD,BRAD.MCCURDY@sakilacustomer.org,185.0,105.75,['English             '],"['Comedy', 'Documentary', 'Games', 'Horror', 'Sci-Fi']",Chungho,['00s']
518,HARDER GABRIEL,GABRIEL.HARDER@sakilacustomer.org,185.0,111.74,['English             '],"['Action', 'Animation', 'Documentary', 'Games', 'Travel']",Sivas,['00s']
519,DELUCA RON,RON.DELUCA@sakilacustomer.org,185.0,103.77,['English             '],"['Children', 'Comedy', 'Drama', 'Family', 'Horror']",Isesaki,['00s']
520,WESTMORELAND MITCHELL,MITCHELL.WESTMORELAND@sakilacustomer.org,185.0,134.68,['English             '],"['Documentary', 'Drama', 'Foreign', 'Games', 'Sports']",Nha Trang,['00s']
521,SOUTH ROLAND,ROLAND.SOUTH@sakilacustomer.org,185.0,80.77,['English             '],"['Children', 'Family', 'Foreign', 'Games', 'Travel']",Yingkou,['00s']
522,HAVENS ARNOLD,ARNOLD.HAVENS@sakilacustomer.org,185.0,167.67,['English             '],"['Action', 'Animation', 'Children', 'Family', 'Horror']",Santa Rosa,['00s']
523,GUAJARDO HARVEY,HARVEY.GUAJARDO@sakilacustomer.org,185.0,93.78,['English             '],"['Animation', 'Classics', 'Documentary', 'Foreign', 'Music']",Vinh,['00s']
524,ELY JARED,JARED.ELY@sakilacustomer.org,185.0,87.81,['English             '],"['Animation', 'Children', 'Classics', 'Family', 'Games']",Purwakarta,['00s']
525,CLARY ADRIAN,ADRIAN.CLARY@sakilacustomer.org,185.0,74.81,['English             '],"['Children', 'Games', 'Horror', 'Music', 'Sports']",Udine,['00s']
526,SEAL KARL,KARL.SEAL@sakilacustomer.org,185.0,221.55,['English             '],"['Action', 'Animation', 'Family', 'Games', 'Travel']",Cape Coral,['00s']
527,MEEHAN CORY,CORY.MEEHAN@sakilacustomer.org,185.0,81.76,['English             '],"['Animation', 'Classics', 'Drama', 'Horror', 'Sports']",Mogiljov,['00s']
528,HERZOG CLAUDE,CLAUDE.HERZOG@sakilacustomer.org,185.0,111.75,['English             '],"['Animation', 'Comedy', 'Family', 'Foreign', 'Travel']",Benguela,['00s']
529,GUILLEN ERIK,ERIK.GUILLEN@sakilacustomer.org,185.0,118.71,['English             '],"['Animation', 'Foreign', 'Games', 'Horror', 'Sci-Fi']",Bhimavaram,['00s']
530,ASHCRAFT DARRYL,DARRYL.ASHCRAFT@sakilacustomer.org,185.0,76.77,['English             '],"['Action', 'Animation', 'Comedy', 'Foreign', 'Games']",Ezeiza,['00s']
531,WAUGH JAMIE,JAMIE.WAUGH@sakilacustomer.org,185.0,118.75,['English             '],"['Action', 'Children', 'Family', 'Horror', 'Sports']",Kuwana,['00s']
532,RENNER NEIL,NEIL.RENNER@sakilacustomer.org,185.0,152.68,['English             '],"['Classics', 'Documentary', 'Foreign', 'Horror', 'Travel']",Cam Ranh,['00s']
533,MILAM JESSIE,JESSIE.MILAM@sakilacustomer.org,185.0,141.67,['English             '],"['Family', 'Horror', 'Sci-Fi', 'Sports', 'Travel']",Binzhou,['00s']
534,JUNG CHRISTIAN,CHRISTIAN.JUNG@sakilacustomer.org,185.0,88.76,['English             '],"['Children', 'Drama', 'Family', 'Games', 'Music']",Amroha,['00s']
535,ELROD JAVIER,JAVIER.ELROD@sakilacustomer.org,185.0,135.68,['English             '],"['Animation', 'Documentary', 'Horror', 'Sci-Fi', 'Sports']",NDjamna,['00s']
536,CHURCHILL FERNANDO,FERNANDO.CHURCHILL@sakilacustomer.org,185.0,117.75,['English             '],"['Foreign', 'Games', 'Music', 'Sports', 'Travel']",Tonghae,['00s']
537,BUFORD CLINTON,CLINTON.BUFORD@sakilacustomer.org,185.0,103.75,['English             '],"['Children', 'Comedy', 'Documentary', 'Foreign', 'Games']",Aurora,['00s']
538,BREAUX TED,TED.BREAUX@sakilacustomer.org,185.0,117.71,['English             '],"['Drama', 'Foreign', 'Horror', 'Sci-Fi', 'Sports']",Baicheng,['00s']
539,BOLIN MATHEW,MATHEW.BOLIN@sakilacustomer.org,185.0,90.78,['English             '],"['Animation', 'Documentary', 'Foreign', 'Games', 'Sports']",Valencia,['00s']
540,ASHER TYRONE,TYRONE.ASHER@sakilacustomer.org,185.0,112.76,['English             '],"['Action', 'Animation', 'Children', 'Classics', 'Sci-Fi']",Ruse,['00s']
541,WINDHAM DARREN,DARREN.WINDHAM@sakilacustomer.org,185.0,108.76,['English             '],"['Animation', 'Classics', 'Family', 'Music', 'Sports']",Livorno,['00s']
542,TIRADO LONNIE,LONNIE.TIRADO@sakilacustomer.org,185.0,94.82,['English             '],"['Classics', 'Family', 'Sci-Fi', 'Sports', 'Travel']",Pangkal Pinang,['00s']
543,PEMBERTON LANCE,LANCE.PEMBERTON@sakilacustomer.org,185.0,82.78,['English             '],"['Animation', 'Children', 'Foreign', 'Music', 'Travel']",Beni-Mellal,['00s']
544,NOLEN CODY,CODY.NOLEN@sakilacustomer.org,185.0,98.78,['English             '],"['Animation', 'Games', 'Horror', 'Sci-Fi', 'Sports']",So Bernardo do Campo,['00s']
545,NOLAND JULIO,JULIO.NOLAND@sakilacustomer.org,185.0,89.79,['English             '],"['Animation', 'Documentary', 'Family', 'Games', 'Sci-Fi']",Konotop,['00s']
546,KNOTT KELLY,KELLY.KNOTT@sakilacustomer.org,185.0,107.74,['English             '],"['Animation', 'Documentary', 'Drama', 'Family', 'Sports']",Sanya,['00s']
547,EMMONS KURT,KURT.EMMONS@sakilacustomer.org,185.0,99.77,['English             '],"['Action', 'Classics', 'Games', 'Music', 'Travel']",Kanazawa,['00s']
548,CORNISH ALLAN,ALLAN.CORNISH@sakilacustomer.org,185.0,79.81,['English             '],"['Children', 'Classics', 'Comedy', 'Foreign', 'Games']",Tarlac,['00s']
549,CHRISTENSON NELSON,NELSON.CHRISTENSON@sakilacustomer.org,185.0,77.8,['English             '],"['Children', 'Classics', 'Comedy', 'Foreign', 'Horror']",Santiago de Compostela,['00s']
550,BROWNLEE GUY,GUY.BROWNLEE@sakilacustomer.org,185.0,159.68,['English             '],"['Animation', 'Children', 'Documentary', 'Foreign', 'Games']",Zhoushan,['00s']
551,BARBEE CLAYTON,CLAYTON.BARBEE@sakilacustomer.org,185.0,96.74,['English             '],"['Children', 'Comedy', 'Documentary', 'Sci-Fi', 'Travel']",Alvorada,['00s']
552,WALDROP HUGH,HUGH.WALDROP@sakilacustomer.org,185.0,90.79,['English             '],"['Classics', 'Comedy', 'Games', 'Sci-Fi', 'Sports']",Haining,['00s']
553,PITT MAX,MAX.PITT@sakilacustomer.org,185.0,107.76,['English             '],"['Animation', 'Children', 'Horror', 'Sci-Fi', 'Travel']",Novi Sad,['00s']
554,OLVERA DWAYNE,DWAYNE.OLVERA@sakilacustomer.org,185.0,101.78,['English             '],"['Action', 'Animation', 'Classics', 'Family', 'Sports']",Rajkot,['00s']
555,LOMBARDI DWIGHT,DWIGHT.LOMBARDI@sakilacustomer.org,185.0,74.83,['English             '],"['Classics', 'Documentary', 'Drama', 'Horror', 'Sports']",Chatsworth,['00s']
556,GRUBER ARMANDO,ARMANDO.GRUBER@sakilacustomer.org,185.0,83.79,['English             '],"['Action', 'Classics', 'Foreign', 'Horror', 'Sports']",Southport,['00s']
557,GAFFNEY FELIX,FELIX.GAFFNEY@sakilacustomer.org,185.0,73.76,['English             '],"['Action', 'Animation', 'Children', 'Music', 'Sports']",Vilnius,['00s']
558,EGGLESTON JIMMIE,JIMMIE.EGGLESTON@sakilacustomer.org,185.0,135.72,['English             '],"['Comedy', 'Foreign', 'Games', 'Sports', 'Travel']",Wroclaw,['00s']
559,BANDA EVERETT,EVERETT.BANDA@sakilacustomer.org,185.0,110.72,['English             '],"['Animation', 'Drama', 'Foreign', 'Games', 'Travel']",Bilbays,['00s']
560,ARCHULETA JORDAN,JORDAN.ARCHULETA@sakilacustomer.org,185.0,132.7,['English             '],"['Animation', 'Children', 'Drama', 'Family', 'Games']",Avellaneda,['00s']
561,STILL IAN,IAN.STILL@sakilacustomer.org,185.0,96.73,['English             '],"['Action', 'Animation', 'Family', 'Games', 'Music']",Garland,['00s']
562,SLONE WALLACE,WALLACE.SLONE@sakilacustomer.org,185.0,109.75,['English             '],"['Classics', 'Comedy', 'Foreign', 'Games', 'Music']",Sokoto,['00s']
563,PREWITT KEN,KEN.PREWITT@sakilacustomer.org,185.0,110.71,['English             '],"['Children', 'Comedy', 'Music', 'Sports', 'Travel']",Bucuresti,['00s']
564,PFEIFFER BOB,BOB.PFEIFFER@sakilacustomer.org,185.0,91.76,['English             '],"['Action', 'Children', 'Classics', 'Family', 'Horror']",Xintai,['00s']
565,NETTLES JAIME,JAIME.NETTLES@sakilacustomer.org,185.0,126.71,['English             '],"['Children', 'Classics', 'Games', 'Horror', 'Sports']",Hunuco,['00s']
566,MENA CASEY,CASEY.MENA@sakilacustomer.org,185.0,141.66,['English             '],"['Animation', 'Children', 'Drama', 'Games', 'Sci-Fi']",Tokat,['00s']
567,MCADAMS ALFREDO,ALFREDO.MCADAMS@sakilacustomer.org,185.0,85.8,['English             '],"['Family', 'Games', 'Music', 'Sci-Fi', 'Sports']",Serpuhov,['00s']
568,HENNING ALBERTO,ALBERTO.HENNING@sakilacustomer.org,185.0,66.79,['English             '],"['Action', 'Comedy', 'Documentary', 'Games', 'Music']",Barcelona,['00s']
569,GARDINER DAVE,DAVE.GARDINER@sakilacustomer.org,185.0,134.68,['English             '],"['Animation', 'Family', 'Games', 'Horror', 'Sports']",Leshan,['00s']
570,CROMWELL IVAN,IVAN.CROMWELL@sakilacustomer.org,185.0,99.74,['English             '],"['Action', 'Family', 'Foreign', 'Sports', 'Travel']",Monclova,['00s']
571,CHISHOLM JOHNNIE,JOHNNIE.CHISHOLM@sakilacustomer.org,185.0,121.76,['English             '],"['Classics', 'Drama', 'Family', 'Music', 'Sports']",Plock,['00s']
572,BURLESON SIDNEY,SIDNEY.BURLESON@sakilacustomer.org,185.0,108.75,['English             '],"['Documentary', 'Drama', 'Games', 'Sports', 'Travel']",Czestochowa,['00s']
573,BOX BYRON,BYRON.BOX@sakilacustomer.org,185.0,120.71,['English             '],"['Action', 'Comedy', 'Drama', 'Music', 'Travel']",Zhezqazghan,['00s']
574,VEST JULIAN,JULIAN.VEST@sakilacustomer.org,185.0,109.72,['English             '],"['Action', 'Animation', 'Children', 'Documentary', 'Sci-Fi']",Akishima,['00s']
575,OGLESBY ISAAC,ISAAC.OGLESBY@sakilacustomer.org,185.0,126.71,['English             '],"['Documentary', 'Foreign', 'Horror', 'Music', 'Sports']",Cuernavaca,['00s']
576,MCCARTER MORRIS,MORRIS.MCCARTER@sakilacustomer.org,185.0,139.66,['English             '],"['Animation', 'Drama', 'Family', 'Horror', 'Sci-Fi']",Fengshan,['00s']
577,MALCOLM CLIFTON,CLIFTON.MALCOLM@sakilacustomer.org,185.0,118.72,['English             '],"['Animation', 'Comedy', 'Drama', 'Family', 'Sci-Fi']",Tanshui,['00s']
578,LUMPKIN WILLARD,WILLARD.LUMPKIN@sakilacustomer.org,185.0,96.78,['English             '],"['Classics', 'Family', 'Games', 'Sci-Fi', 'Travel']",Carmen,['00s']
579,LARUE DARYL,DARYL.LARUE@sakilacustomer.org,185.0,111.73,['English             '],"['Action', 'Comedy', 'Drama', 'Horror', 'Sports']",Mosul,['00s']
580,GREY ROSS,ROSS.GREY@sakilacustomer.org,185.0,99.73,['English             '],"['Action', 'Comedy', 'Foreign', 'Games', 'Sci-Fi']",Iligan,['00s']
581,WOFFORD VIRGIL,VIRGIL.WOFFORD@sakilacustomer.org,185.0,107.73,['English             '],"['Animation', 'Classics', 'Foreign', 'Horror', 'Music']",Jos Azueta,['00s']
582,VANHORN ANDY,ANDY.VANHORN@sakilacustomer.org,185.0,113.75,['English             '],"['Animation', 'Classics', 'Foreign', 'Sci-Fi', 'Sports']",Huejutla de Reyes,['00s']
583,THORN MARSHALL,MARSHALL.THORN@sakilacustomer.org,185.0,117.77,['English             '],"['Documentary', 'Drama', 'Family', 'Horror', 'Sports']",Southampton,['00s']
584,TEEL SALVADOR,SALVADOR.TEEL@sakilacustomer.org,185.0,129.7,['English             '],"['Animation', 'Comedy', 'Documentary', 'Drama', 'Family']",Banjul,['00s']
585,SWAFFORD PERRY,PERRY.SWAFFORD@sakilacustomer.org,185.0,117.76,['English             '],"['Action', 'Classics', 'Foreign', 'Games', 'Sports']",Quilmes,['00s']
586,STCLAIR KIRK,KIRK.STCLAIR@sakilacustomer.org,185.0,64.81,['English             '],"['Animation', 'Classics', 'Documentary', 'Foreign', 'Games']",Tsaotun,['00s']
587,STANFIELD SERGIO,SERGIO.STANFIELD@sakilacustomer.org,185.0,108.74,['English             '],"['Action', 'Animation', 'Documentary', 'Family', 'Horror']",Celaya,['00s']
588,OCAMPO MARION,MARION.OCAMPO@sakilacustomer.org,185.0,115.71,['English             '],"['Action', 'Children', 'Classics', 'Documentary', 'Family']",Weifang,['00s']
589,HERRMANN TRACY,TRACY.HERRMANN@sakilacustomer.org,185.0,129.72,['English             '],"['Animation', 'Comedy', 'Documentary', 'Sci-Fi', 'Sports']",Loja,['00s']
590,HANNON SETH,SETH.HANNON@sakilacustomer.org,185.0,112.75,['English             '],"['Documentary', 'Drama', 'Games', 'Sci-Fi', 'Sports']",al-Manama,['00s']
591,ARSENAULT KENT,KENT.ARSENAULT@sakilacustomer.org,185.0,134.73,['English             '],"['Animation', 'Comedy', 'Documentary', 'Sci-Fi', 'Sports']",Juiz de Fora,['00s']
592,ROUSH TERRANCE,TERRANCE.ROUSH@sakilacustomer.org,185.0,111.71,['English             '],"['Children', 'Classics', 'Games', 'Sci-Fi', 'Sports']",Szkesfehrvr,['00s']
593,MCALISTER RENE,RENE.MCALISTER@sakilacustomer.org,185.0,113.74,['English             '],"['Animation', 'Children', 'Classics', 'Comedy', 'Travel']",Garden Grove,['00s']
594,HIATT EDUARDO,EDUARDO.HIATT@sakilacustomer.org,185.0,130.73,['English             '],"['Action', 'Children', 'Horror', 'Sports', 'Travel']",Jining,['00s']
595,GUNDERSON TERRENCE,TERRENCE.GUNDERSON@sakilacustomer.org,185.0,117.7,['English             '],"['Action', 'Children', 'Comedy', 'Documentary', 'Music']",Jinzhou,['00s']
596,FORSYTHE ENRIQUE,ENRIQUE.FORSYTHE@sakilacustomer.org,185.0,96.72,['English             '],"['Classics', 'Foreign', 'Games', 'Music', 'Sports']",Patras,['00s']
597,DUGGAN FREDDIE,FREDDIE.DUGGAN@sakilacustomer.org,185.0,99.75,['English             '],"['Action', 'Children', 'Foreign', 'Sci-Fi', 'Sports']",Sullana,['00s']
598,DELVALLE WADE,WADE.DELVALLE@sakilacustomer.org,185.0,83.78,['English             '],"['Comedy', 'Documentary', 'Foreign', 'Games', 'Horror']",Lausanne,['00s']
599,CINTRON AUSTIN,AUSTIN.CINTRON@sakilacustomer.org,185.0,83.81,['English             '],"['Comedy', 'Foreign', 'Games', 'Sci-Fi', 'Travel']",Tieli,['00s']
